1779355018,,,/mnt/GAME_DISK/Animes/[VCB-Studio] Gochiusa/[CsS] Gochuumon wa Usagi desu ka ~BLOOM~ [BDRip 1080p x264 FLAC]/[CsS] Gochuumon wa Usagi desu ka ~BLOOM~ - 02 [BDRip 1080p x264 FLAC] [9E6AE5EC].mkv,206
1779357626,,,/mnt/GAME_DISK/Animes/[VCB-Studio] Gochiusa/[CsS] Gochuumon wa Usagi desu ka ~BLOOM~ [BDRip 1080p x264 FLAC]/[CsS] Gochuumon wa Usagi desu ka ~BLOOM~ - 02 [BDRip 1080p x264 FLAC] [9E6AE5EC].mkv,206
1779586632,,,/mnt/GAME_DISK/Animes/[VCB-Studio] Gochiusa/[CsS] Gochuumon wa Usagi desu ka ~BLOOM~ [BDRip 1080p x264 FLAC]/[CsS] Gochuumon wa Usagi desu ka ~BLOOM~ - 03 [BDRip 1080p x264 FLAC] [78E52A4F].mkv,206
1779601266,,,/mnt/GAME_DISK/Animes/[VCB-Studio] Gochiusa/[CsS] Gochuumon wa Usagi desu ka ~BLOOM~ [BDRip 1080p x264 FLAC]/[CsS] Gochuumon wa Usagi desu ka ~BLOOM~ - 04 [BDRip 1080p x264 FLAC] [8F041592].mkv,206
1779671515,,,/mnt/GAME_DISK/Animes/[VCB-Studio] Gochiusa/[CsS] Gochuumon wa Usagi desu ka ~BLOOM~ [BDRip 1080p x264 FLAC]/[CsS] Gochuumon wa Usagi desu ka ~BLOOM~ - 04 [BDRip 1080p x264 FLAC] [8F041592].mkv,206
1779671521,,,/mnt/GAME_DISK/Animes/[VCB-Studio] Gochiusa/[CsS] Gochuumon wa Usagi desu ka ~BLOOM~ [BDRip 1080p x264 FLAC]/[CsS] Gochuumon wa Usagi desu ka ~BLOOM~ - 05 [BDRip 1080p x264 FLAC] [4DBDE66C].mkv,206
1779691946,,,/mnt/GAME_DISK/Animes/[VCB-Studio] Gochiusa/[CsS] Gochuumon wa Usagi desu ka ~BLOOM~ [BDRip 1080p x264 FLAC]/[CsS] Gochuumon wa Usagi desu ka ~BLOOM~ - 06 [BDRip 1080p x264 FLAC] [61CD5130].mkv,206
1779701053,,,/mnt/GAME_DISK/Animes/[VCB-Studio] Gochiusa/[CsS] Gochuumon wa Usagi desu ka ~BLOOM~ [BDRip 1080p x264 FLAC]/[CsS] Gochuumon wa Usagi desu ka ~BLOOM~ - 06 [BDRip 1080p x264 FLAC] [61CD5130].mkv,206
1779773482,,,/mnt/GAME_DISK/Animes/[VCB-Studio] Gochiusa/[CsS] Gochuumon wa Usagi desu ka ~BLOOM~ [BDRip 1080p x264 FLAC]/[CsS] Gochuumon wa Usagi desu ka ~BLOOM~ - 06 [BDRip 1080p x264 FLAC] [61CD5130].mkv,206
1779773492,,,/mnt/GAME_DISK/Animes/[VCB-Studio] Gochiusa/[CsS] Gochuumon wa Usagi desu ka ~BLOOM~ [BDRip 1080p x264 FLAC]/[CsS] Gochuumon wa Usagi desu ka ~BLOOM~ - 07 [BDRip 1080p x264 FLAC] [D7F0A202].mkv,206
1779842118,,,/mnt/GAME_DISK/Animes/[VCB-Studio] Gochiusa/[CsS] Gochuumon wa Usagi desu ka ~BLOOM~ [BDRip 1080p x264 FLAC]/[CsS] Gochuumon wa Usagi desu ka ~BLOOM~ - 08 [BDRip 1080p x264 FLAC] [9F0FA960].mkv,206
1779856100,,,/home/niconico/Videos/Video_2026-05-27_11-23-06.mp4,64
1779939600,,,/mnt/GAME_DISK/Animes/[VCB-Studio] Gochiusa/[CsS] Gochuumon wa Usagi desu ka ~BLOOM~ [BDRip 1080p x264 FLAC]/[CsS] Gochuumon wa Usagi desu ka ~BLOOM~ - 09 [BDRip 1080p x264 FLAC] [5D30FB43].mkv,206
1780053840,,,/mnt/GAME_DISK/Animes/[VCB-Studio] Gochiusa/[CsS] Gochuumon wa Usagi desu ka ~BLOOM~ [BDRip 1080p x264 FLAC]/[CsS] Gochuumon wa Usagi desu ka ~BLOOM~ - 11 [BDRip 1080p x264 FLAC] [50451C69].mkv,206
1780054014,,,/mnt/GAME_DISK/Animes/[VCB-Studio] Gochiusa/[CsS] Gochuumon wa Usagi desu ka ~BLOOM~ [BDRip 1080p x264 FLAC]/[CsS] Gochuumon wa Usagi desu ka ~BLOOM~ - 09 [BDRip 1080p x264 FLAC] [5D30FB43].mkv,206
1780276149,,,/mnt/GAME_DISK/Animes/[VCB-Studio] Gochiusa/[CsS] Gochuumon wa Usagi desu ka ~BLOOM~ [BDRip 1080p x264 FLAC]/[CsS] Gochuumon wa Usagi desu ka ~BLOOM~ - 09 [BDRip 1080p x264 FLAC] [5D30FB43].mkv,206
1780276643,,,/mnt/GAME_DISK/Animes/[VCB-Studio] Gochiusa/[CsS] Gochuumon wa Usagi desu ka ~BLOOM~ [BDRip 1080p x264 FLAC]/[CsS] Gochuumon wa Usagi desu ka ~BLOOM~ - 10 [BDRip 1080p x264 FLAC] [B078DDDB].mkv,206
1780284264,,,/mnt/GAME_DISK/Animes/[VCB-Studio] Gochiusa/[CsS] Gochuumon wa Usagi desu ka ~BLOOM~ [BDRip 1080p x264 FLAC]/[CsS] Gochuumon wa Usagi desu ka ~BLOOM~ - 11 [BDRip 1080p x264 FLAC] [50451C69].mkv,206
1780284279,,,/mnt/GAME_DISK/Animes/[VCB-Studio] Gochiusa/[CsS] Gochuumon wa Usagi desu ka ~BLOOM~ [BDRip 1080p x264 FLAC]/[CsS] Gochuumon wa Usagi desu ka ~BLOOM~ - 10 [BDRip 1080p x264 FLAC] [B078DDDB].mkv,206
1780284512,,,/mnt/GAME_DISK/Animes/[VCB-Studio] Gochiusa/[CsS] Gochuumon wa Usagi desu ka ~BLOOM~ [BDRip 1080p x264 FLAC]/[CsS] Gochuumon wa Usagi desu ka ~BLOOM~ - 10 [BDRip 1080p x264 FLAC] [B078DDDB].mkv,206
1780285782,,,/mnt/GAME_DISK/Animes/[VCB-Studio] Gochiusa/[CsS] Gochuumon wa Usagi desu ka ~BLOOM~ [BDRip 1080p x264 FLAC]/[CsS] Gochuumon wa Usagi desu ka ~BLOOM~ - 11 [BDRip 1080p x264 FLAC] [50451C69].mkv,206
1780574755,,,/mnt/GAME_DISK/Animes/[VCB-Studio] Gochiusa/[CsS] Gochuumon wa Usagi desu ka ~BLOOM~ [BDRip 1080p x264 FLAC]/[CsS] Gochuumon wa Usagi desu ka ~BLOOM~ - 11 [BDRip 1080p x264 FLAC] [50451C69].mkv,206
1780635080,,,/mnt/GAME_DISK/[Judas] Seihantai na Kimi to Boku (You and I Are Polar Opposites) (Season 01) [1080p][HEVC x265 10bit][Dual-Audio][Multi-Subs]/[Judas] Seihantai - S01E01.mkv,185
1780637438,,,/mnt/GAME_DISK/[Judas] Seihantai na Kimi to Boku (You and I Are Polar Opposites) (Season 01) [1080p][HEVC x265 10bit][Dual-Audio][Multi-Subs]/[Judas] Seihantai - S01E01.mkv,185
1780638288,,,/mnt/GAME_DISK/[Judas] Seihantai na Kimi to Boku (You and I Are Polar Opposites) (Season 01) [1080p][HEVC x265 10bit][Dual-Audio][Multi-Subs]/[Judas] Seihantai - S01E02.mkv,185
1780651373,,,/mnt/GAME_DISK/[Judas] Seihantai na Kimi to Boku (You and I Are Polar Opposites) (Season 01) [1080p][HEVC x265 10bit][Dual-Audio][Multi-Subs]/[Judas] Seihantai - S01E03.mkv,185
1780652715,,,/mnt/GAME_DISK/[Judas] Seihantai na Kimi to Boku (You and I Are Polar Opposites) (Season 01) [1080p][HEVC x265 10bit][Dual-Audio][Multi-Subs]/[Judas] Seihantai - S01E04.mkv,185
1780716022,,,/mnt/GAME_DISK/[Judas] Seihantai na Kimi to Boku (You and I Are Polar Opposites) (Season 01) [1080p][HEVC x265 10bit][Dual-Audio][Multi-Subs]/[Judas] Seihantai - S01E04.mkv,185
1780717569,,,/mnt/GAME_DISK/[Judas] Seihantai na Kimi to Boku (You and I Are Polar Opposites) (Season 01) [1080p][HEVC x265 10bit][Dual-Audio][Multi-Subs]/[Judas] Seihantai - S01E04.mkv,185
1780717617,,,/mnt/GAME_DISK/[Judas] Seihantai na Kimi to Boku (You and I Are Polar Opposites) (Season 01) [1080p][HEVC x265 10bit][Dual-Audio][Multi-Subs]/[Judas] Seihantai - S01E04.mkv,185
1780730392,,,/mnt/GAME_DISK/[Judas] Seihantai na Kimi to Boku (You and I Are Polar Opposites) (Season 01) [1080p][HEVC x265 10bit][Dual-Audio][Multi-Subs]/[Judas] Seihantai - S01E05.mkv,185
1780733805,,,/mnt/GAME_DISK/[Judas] Seihantai na Kimi to Boku (You and I Are Polar Opposites) (Season 01) [1080p][HEVC x265 10bit][Dual-Audio][Multi-Subs]/[Judas] Seihantai - S01E06.mkv,185
1780735372,,,/mnt/GAME_DISK/[Judas] Seihantai na Kimi to Boku (You and I Are Polar Opposites) (Season 01) [1080p][HEVC x265 10bit][Dual-Audio][Multi-Subs]/[Judas] Seihantai - S01E07.mkv,185
1780747722,,,/mnt/GAME_DISK/[Judas] Seihantai na Kimi to Boku (You and I Are Polar Opposites) (Season 01) [1080p][HEVC x265 10bit][Dual-Audio][Multi-Subs]/[Judas] Seihantai - S01E08.mkv,185
1780749093,,,/mnt/GAME_DISK/[Judas] Seihantai na Kimi to Boku (You and I Are Polar Opposites) (Season 01) [1080p][HEVC x265 10bit][Dual-Audio][Multi-Subs]/[Judas] Seihantai - S01E09.mkv,185
1780790745,,,/home/niconico/Videos/IMG_6074.MOV,47
1780819602,,,/mnt/GAME_DISK/[Judas] Seihantai na Kimi to Boku (You and I Are Polar Opposites) (Season 01) [1080p][HEVC x265 10bit][Dual-Audio][Multi-Subs]/[Judas] Seihantai - S01E10.mkv,185
1780888687,,,/mnt/GAME_DISK/[Judas] Seihantai na Kimi to Boku (You and I Are Polar Opposites) (Season 01) [1080p][HEVC x265 10bit][Dual-Audio][Multi-Subs]/[Judas] Seihantai - S01E11.mkv,185
1780891209,,,/mnt/GAME_DISK/[Judas] Seihantai na Kimi to Boku (You and I Are Polar Opposites) (Season 01) [1080p][HEVC x265 10bit][Dual-Audio][Multi-Subs]/[Judas] Seihantai - S01E12.mkv,185
1780992843,,,/mnt/GAME_DISK/Animes/[VCB-Studio] Gochiusa/[CsS] Gochuumon wa Usagi desu ka ~BLOOM~ [BDRip 1080p x264 FLAC]/[CsS] Gochuumon wa Usagi desu ka ~BLOOM~ - 12 [BDRip 1080p x264 FLAC] [8E5A8C23].mkv,206
1780995722,,,/mnt/GAME_DISK/Animes/[VCB-Studio] Gochiusa/[Airota&VCB-Studio] Gochuumon wa Usagi Desuka？？ ~Sing For You~ [Ma10p_1080p]/[Airota&VCB-Studio] Gochuumon wa Usagi Desuka？？ ~Sing For You~ [Ma10p_1080p][x265_flac].mkv,233
1781000236,42,Hitoribocchi no Marumaru Seikatsu - S01E03,/mnt/GAME_DISK/[neoHEVC] Hitoribocchi no Marumaru Seikatsu [BD 1080p x265 HEVC AAC]/Hitoribocchi no Marumaru Seikatsu - S01E03.mkv,187
1781000280,42,Hitoribocchi no Marumaru Seikatsu - S01E02,/mnt/GAME_DISK/[neoHEVC] Hitoribocchi no Marumaru Seikatsu [BD 1080p x265 HEVC AAC]/Hitoribocchi no Marumaru Seikatsu - S01E02.mkv,187
1781000515,42,Hitoribocchi no Marumaru Seikatsu - S01E02,/mnt/GAME_DISK/[neoHEVC] Hitoribocchi no Marumaru Seikatsu [BD 1080p x265 HEVC AAC]/Hitoribocchi no Marumaru Seikatsu - S01E02.mkv,187
1781000653,42,Hitoribocchi no Marumaru Seikatsu - S01E02,/mnt/GAME_DISK/[neoHEVC] Hitoribocchi no Marumaru Seikatsu [BD 1080p x265 HEVC AAC]/Hitoribocchi no Marumaru Seikatsu - S01E02.mkv,187
1781000703,42,Hitoribocchi no Marumaru Seikatsu - S01E02,/mnt/GAME_DISK/[neoHEVC] Hitoribocchi no Marumaru Seikatsu [BD 1080p x265 HEVC AAC]/Hitoribocchi no Marumaru Seikatsu - S01E02.mkv,187
1781000731,42,Hitoribocchi no Marumaru Seikatsu - S01E02,/mnt/GAME_DISK/[neoHEVC] Hitoribocchi no Marumaru Seikatsu [BD 1080p x265 HEVC AAC]/Hitoribocchi no Marumaru Seikatsu - S01E02.mkv,187
1781000732,42,Hitoribocchi no Marumaru Seikatsu - S01E02,/mnt/GAME_DISK/[neoHEVC] Hitoribocchi no Marumaru Seikatsu [BD 1080p x265 HEVC AAC]/Hitoribocchi no Marumaru Seikatsu - S01E02.mkv,187
1781007249,,,/home/niconico/.local/share/Anki2/User 1/collection.media/hitoribocchinomarumaruseikatsus01e02_17m44s897ms_17m47s999ms.mp3,135
1781007568,,,/home/niconico/.local/share/Anki2/User 1/collection.media/hitoribocchinomarumaruseikatsus01e02_21m38s664ms_21m43s668ms.mp3,135
1781007676,42,Hitoribocchi no Marumaru Seikatsu - S01E03,/mnt/GAME_DISK/[neoHEVC] Hitoribocchi no Marumaru Seikatsu [BD 1080p x265 HEVC AAC]/Hitoribocchi no Marumaru Seikatsu - S01E03.mkv,187
1781008277,,,/home/niconico/.local/share/Anki2/User 1/collection.media/hitoribocchinomarumaruseikatsus01e03_07m58s832ms_08m02s535ms.mp3,135
1781009024,,,/home/niconico/.local/share/Anki2/User 1/collection.media/hitoribocchinomarumaruseikatsus01e03_18m47s633ms_18m51s569ms.mp3,135
1781009096,,,/home/niconico/.local/share/Anki2/User 1/collection.media/hitoribocchinomarumaruseikatsus01e03_19m38s217ms_19m42s017ms.mp3,135
1781009313,42,Hitoribocchi no Marumaru Seikatsu - S01E04,/mnt/GAME_DISK/[neoHEVC] Hitoribocchi no Marumaru Seikatsu [BD 1080p x265 HEVC AAC]/Hitoribocchi no Marumaru Seikatsu - S01E04.mkv,187
1781010459,,,/home/niconico/.local/share/Anki2/User 1/collection.media/hitoribocchinomarumaruseikatsus01e04_18m57s171ms_18m59s240ms.mp3,135
1781014835,42,Hitoribocchi no Marumaru Seikatsu - S01E05,/mnt/GAME_DISK/[neoHEVC] Hitoribocchi no Marumaru Seikatsu [BD 1080p x265 HEVC AAC]/Hitoribocchi no Marumaru Seikatsu - S01E05.mkv,187
1781016210,42,Hitoribocchi no Marumaru Seikatsu - S01E06,/mnt/GAME_DISK/[neoHEVC] Hitoribocchi no Marumaru Seikatsu [BD 1080p x265 HEVC AAC]/Hitoribocchi no Marumaru Seikatsu - S01E06.mkv,187
1781047211,,,/home/niconico/.local/share/Anki2/User 1/collection.media/hitoribocchinomarumaruseikatsus01e06_05m30s873ms_05m34s176ms.mp3,135
1781048045,,,/home/niconico/.local/share/Anki2/User 1/collection.media/hitoribocchinomarumaruseikatsus01e06_18m34s109ms_18m37s646ms.mp3,135
1781048059,,,/home/niconico/.local/share/Anki2/User 1/collection.media/hitoribocchinomarumaruseikatsus01e06_18m34s109ms_18m40s382ms.mp3,135
1781060747,42,Hitoribocchi no Marumaru Seikatsu - S01E07,/mnt/GAME_DISK/[neoHEVC] Hitoribocchi no Marumaru Seikatsu [BD 1080p x265 HEVC AAC]/Hitoribocchi no Marumaru Seikatsu - S01E07.mkv,187
1781060870,,,/home/niconico/.local/share/Anki2/User 1/collection.media/hitoribocchinomarumaruseikatsus01e07_01m19s243ms_01m25s716ms.mp3,135
1781060954,,,/home/niconico/.local/share/Anki2/User 1/collection.media/hitoribocchinomarumaruseikatsus01e07_03m22s500ms_03m26s069ms.mp3,135
1781061171,,,/home/niconico/.local/share/Anki2/User 1/collection.media/hitoribocchinomarumaruseikatsus01e07_04m26s164ms_04m28s664ms.mp3,135
1781091842,42,Hitoribocchi no Marumaru Seikatsu - S01E08,/mnt/GAME_DISK/[neoHEVC] Hitoribocchi no Marumaru Seikatsu [BD 1080p x265 HEVC AAC]/Hitoribocchi no Marumaru Seikatsu - S01E08.mkv,187
1781092300,,,/home/niconico/.local/share/Anki2/User 1/collection.media/hitoribocchinomarumaruseikatsus01e08_08m19s798ms_08m21s798ms.mp3,135
1781092640,,,/home/niconico/.local/share/Anki2/User 1/collection.media/hitoribocchinomarumaruseikatsus01e08_12m49s420ms_12m53s724ms.mp3,135
1781093306,42,Hitoribocchi no Marumaru Seikatsu - S01E09,/mnt/GAME_DISK/[neoHEVC] Hitoribocchi no Marumaru Seikatsu [BD 1080p x265 HEVC AAC]/Hitoribocchi no Marumaru Seikatsu - S01E09.mkv,187
1781093433,,,/home/niconico/.local/share/Anki2/User 1/collection.media/hitoribocchinomarumaruseikatsus01e09_03m04s852ms_03m08s688ms.mp3,135
1781094203,,,/home/niconico/.local/share/Anki2/User 1/collection.media/hitoribocchinomarumaruseikatsus01e09_14m39s032ms_14m46s672ms.mp3,135
1781094427,,,/home/niconico/.local/share/Anki2/User 1/collection.media/hitoribocchinomarumaruseikatsus01e09_17m13s520ms_17m17s422ms.mp3,135
1781094504,,,/home/niconico/.local/share/Anki2/User 1/collection.media/hitoribocchinomarumaruseikatsus01e09_14m39s032ms_14m46s672ms.mp3,135
1781094557,,,/home/niconico/.local/share/Anki2/User 1/collection.media/hitoribocchinomarumaruseikatsus01e09_17m13s520ms_17m17s422ms.mp3,135
1781094774,,,/home/niconico/.local/share/Anki2/User 1/collection.media/hitoribocchinomarumaruseikatsus01e09_20m06s759ms_20m10s128ms.mp3,135
1781139758,42,Hitoribocchi no Marumaru Seikatsu - S01E10,/mnt/GAME_DISK/[neoHEVC] Hitoribocchi no Marumaru Seikatsu [BD 1080p x265 HEVC AAC]/Hitoribocchi no Marumaru Seikatsu - S01E10.mkv,187
1781159401,42,Hitoribocchi no Marumaru Seikatsu - S01E11,/mnt/GAME_DISK/[neoHEVC] Hitoribocchi no Marumaru Seikatsu [BD 1080p x265 HEVC AAC]/Hitoribocchi no Marumaru Seikatsu - S01E11.mkv,187
1781160872,42,Hitoribocchi no Marumaru Seikatsu - S01E12,/mnt/GAME_DISK/[neoHEVC] Hitoribocchi no Marumaru Seikatsu [BD 1080p x265 HEVC AAC]/Hitoribocchi no Marumaru Seikatsu - S01E12.mkv,187
1781163903,,,/mnt/GAME_DISK/ヤっちゃえ！ギャルちゃん２ver1.1/３ヤっちゃえ！ギャルちゃん２動画版/１ パイズリ編.mp4,149
1781163925,,,/mnt/GAME_DISK/ヤっちゃえ！ギャルちゃん２ver1.1/３ヤっちゃえ！ギャルちゃん２動画版/２ 騎乗位編.mp4,146
1781181002,33,The Demon Girl Next Door - S01E01,/mnt/GAME_DISK/Animes/[neoHEVC] The Demon Girl Next Door [Season 1] [BD 1080p x265 HEVC AAC] [Dual Audio]/The Demon Girl Next Door - S01E01.mkv,191
1781181564,33,The Demon Girl Next Door - S01E01,/mnt/GAME_DISK/Animes/[neoHEVC] The Demon Girl Next Door [Season 1] [BD 1080p x265 HEVC AAC] [Dual Audio]/The Demon Girl Next Door - S01E01.mkv,191
1781197668,,,/mnt/GAME_DISK/Animes/[denisplay] Bad Girl (Season 1) [1080] [AV1]/[denisplay] Bad Girl - S01E01 (1080p) [AV1].mkv,127
1781199793,,,/home/niconico/.local/share/Anki2/User 1/collection.media/badgirls01e01_19m40s797ms_19m46s260ms.mp3,112
1781202875,,,/mnt/GAME_DISK/Animes/[denisplay] Bad Girl (Season 1) [1080] [AV1]/[denisplay] Bad Girl - S01E02 (1080p) [AV1].mkv,127
1781232407,,,/home/niconico/.local/share/Anki2/User 1/collection.media/badgirls01e02_04m43s784ms_04m49s581ms.mp3,112
1781233958,31,Comic Girls - S01E01 - YURASUKA,/mnt/GAME_DISK/Animes/Comic.Girls.S01.1080p.BluRay.10-Bit.FLAC2.0.x265-YURASUKA/Comic.Girls.S01E01.1080p.BluRay.10-Bit.FLAC2.0.x265-YURASUKA.mkv,190
1781365600,,,/mnt/GAME_DISK/Animes/[YuushaNi] Love Live! Sunshine!! Complete v2 (BD HEVC 1920x1080 AAC)/Love Live! Sunshine!!/[YuushaNi] Love Live! Sunshine!! - 01v2 (BD HEVC 1920x1080 AAC).mkv,193
1781366300,,,/home/niconico/.local/share/Anki2/User 1/collection.media/lovelivesunshine01v2_07m05s747ms_07m08s206ms.mp3,119
1781367810,,,/home/niconico/.local/share/Anki2/User 1/collection.media/lovelivesunshine01v2_14m22s414ms_14m26s456ms.mp3,119
1781367900,,,/home/niconico/.local/share/Anki2/User 1/collection.media/lovelivesunshine01v2_14m22s614ms_14m28s373ms.mp3,119
1781367915,,,/home/niconico/.local/share/Anki2/User 1/collection.media/lovelivesunshine01v2_14m22s614ms_14m28s373ms.mp3,119
1781407046,,,/home/niconico/.local/share/Anki2/User 1/collection.media/lovelivesunshine01v2_19m43s156ms_19m46s448ms.mp3,119
1781456989,,,/mnt/GAME_DISK/Animes/[VCB-Studio] Gochiusa/[VCB-Studio] Rabbit House Tea Party 2016 [Ma10p_1080p]/[VCB-Studio] Rabbit House Tea Party 2016 [Ma10p_1080p][x265_flac].mkv,181
1781457198,,,/mnt/GAME_DISK/Animes/[GetItTwisted] The iDOLM@STER S01 [BD 1080p HEVC Opus]/[GetItTwisted] The iDOLM@STER - S01E01 [BD 1080p HEVC Opus] [CF9E488D].mkv,164
1781489368,,,/home/niconico/Downloads/Lewd/churn1.wav,53
1781489378,,,/home/niconico/Downloads/Lewd/churn2.wav,53
1781489386,,,/home/niconico/Downloads/Lewd/churn3.wav,53
1781489395,,,/home/niconico/Downloads/Lewd/wetfuck1.wav,55
1781489416,,,/home/niconico/Downloads/Lewd/wetfuck6.wav,55
1781489512,,,/home/niconico/Downloads/Lewd/Extras/mnc12.wav,59
1781496752,42,Hitoribocchi no Marumaru Seikatsu - S01E01,/mnt/GAME_DISK/Animes/[neoHEVC] Hitoribocchi no Marumaru Seikatsu [BD 1080p x265 HEVC AAC]/Hitoribocchi no Marumaru Seikatsu - S01E01.mkv,194
1781497323,,,/home/niconico/.local/share/Anki2/User 1/collection.media/hitoribocchinomarumaruseikatsus01e01_08m29s577ms_08m36s149ms.mp3,135
1781497953,,,/home/niconico/.local/share/Anki2/User 1/collection.media/hitoribocchinomarumaruseikatsus01e01_15m01s568ms_15m08s841ms.mp3,135
1781514099,,,/home/niconico/.local/share/Anki2/User 1/collection.media/hitoribocchinomarumaruseikatsus01e01_15m22s022ms_15m27s593ms.mp3,135
1781515941,42,Hitoribocchi no Marumaru Seikatsu - S01E02,/mnt/GAME_DISK/Animes/[neoHEVC] Hitoribocchi no Marumaru Seikatsu [BD 1080p x265 HEVC AAC]/Hitoribocchi no Marumaru Seikatsu - S01E02.mkv,194
1781560378,49,[Doki] Yuru Yuri - 04v2 (1920x1080 Hi10P BD FLAC),/mnt/GAME_DISK/Animes/Yuru Yuri/1. Yuru Yuri/[Rom & Rem] Yuru Yuri - 04 [H265][10bits][1080p][FLAC].mkv,167
1781560414,49,[Doki] Yuru Yuri - 04v2 (1920x1080 Hi10P BD FLAC),/mnt/GAME_DISK/Animes/Yuru Yuri/1. Yuru Yuri/[Rom & Rem] Yuru Yuri - 04 [H265][10bits][1080p][FLAC].mkv,167
1781560659,49,[Doki] Yuru Yuri - 04v2 (1920x1080 Hi10P BD FLAC),/mnt/GAME_DISK/Animes/Yuru Yuri/1. Yuru Yuri/[Rom & Rem] Yuru Yuri - 04 [H265][10bits][1080p][FLAC].mkv,167
1781560816,49,[Doki] Yuru Yuri - 04v2 (1920x1080 Hi10P BD FLAC),/mnt/GAME_DISK/Animes/Yuru Yuri/1. Yuru Yuri/[Rom & Rem] Yuru Yuri - 04 [H265][10bits][1080p][FLAC].mkv,167
1781561063,,,/home/niconico/.local/share/Anki2/User 1/collection.media/yuruyuri04_06m18s232ms_06m21s101ms.mp3,109
1781562199,,,/home/niconico/.local/share/Anki2/User 1/collection.media/yuruyuri04_06m23s204ms_06m26s106ms.mp3,109
1781562783,,,/home/niconico/.local/share/Anki2/User 1/collection.media/yuruyuri04_14m40s634ms_14m43s503ms.mp3,109
1781568659,47,[Doki] Yuru Yuri - 05 (1920x1080 Hi10P BD FLAC),/mnt/GAME_DISK/Animes/Yuru Yuri/1. Yuru Yuri/[Rom & Rem] Yuru Yuri - 05 [H265][10bits][1080p][FLAC].mkv,165
1781568696,,,/home/niconico/.local/share/Anki2/User 1/collection.media/yuruyuri05_00m18s051ms_00m20s453ms.mp3,109
1781569026,,,/home/niconico/.local/share/Anki2/User 1/collection.media/yuruyuri05_03m34s079ms_03m40s052ms.mp3,109
1781569050,,,/home/niconico/.local/share/Anki2/User 1/collection.media/yuruyuri05_03m33s620ms_03m40s052ms.mp3,109
1781569199,,,/home/niconico/.local/share/Anki2/User 1/collection.media/yuruyuri05_04m03s817ms_04m07s354ms.mp3,109
1781569863,,,/home/niconico/.local/share/Anki2/User 1/collection.media/yuruyuri05_06m18s785ms_06m22s388ms.mp3,109
1781569920,,,/home/niconico/.local/share/Anki2/User 1/collection.media/yuruyuri05_06m18s977ms_06m26s426ms.mp3,109
1781569933,,,/home/niconico/.local/share/Anki2/User 1/collection.media/yuruyuri05_06m18s977ms_06m26s426ms.mp3,109
1781570234,47,[Doki] Yuru Yuri - 05 (1920x1080 Hi10P BD FLAC),/mnt/GAME_DISK/Animes/Yuru Yuri/1. Yuru Yuri/[Rom & Rem] Yuru Yuri - 05 [H265][10bits][1080p][FLAC].mkv,165
1781570282,,,/home/niconico/.local/share/Anki2/User 1/collection.media/yuruyuri05_06m23s116ms_06m27s053ms.mp3,109
1781570492,,,/home/niconico/.local/share/Anki2/User 1/collection.media/yuruyuri05_00m18s051ms_00m20s453ms.mp3,109
1781570560,,,/home/niconico/.local/share/Anki2/User 1/collection.media/yuruyuri05_06m19s412ms_06m23s015ms.mp3,109
1781570578,,,/home/niconico/.local/share/Anki2/User 1/collection.media/yuruyuri05_06m23s116ms_06m27s053ms.mp3,109
1781570584,,,/home/niconico/.local/share/Anki2/User 1/collection.media/yuruyuri05_06m19s412ms_06m23s015ms.mp3,109
1781570591,,,/home/niconico/.local/share/Anki2/User 1/collection.media/yuruyuri05_06m23s116ms_06m27s053ms.mp3,109
1781570663,,,/home/niconico/.local/share/Anki2/User 1/collection.media/yuruyuri05_06m19s412ms_06m23s015ms.mp3,109
1781571419,,,/home/niconico/.local/share/Anki2/User 1/collection.media/yuruyuri05_15m53s517ms_15m58s622ms.mp3,109
1781571582,,,/home/niconico/.local/share/Anki2/User 1/collection.media/yuruyuri05_18m02s746ms_18m08s085ms.mp3,109
1781571964,,,/home/niconico/.local/share/Anki2/User 1/collection.media/yuruyuri05_19m11s115ms_19m14s118ms.mp3,109
1781573256,,,/home/niconico/.local/share/Anki2/User 1/collection.media/yuruyuri05_19m11s115ms_19m14s118ms.mp3,109
1781573911,,,/mnt/GAME_DISK/Animes/[YuushaNi] Love Live! Sunshine!! Complete v2 (BD HEVC 1920x1080 AAC)/Love Live! Sunshine!!/[YuushaNi] Love Live! Sunshine!! - 01v2 (BD HEVC 1920x1080 AAC).mkv,193
1781578565,,,/home/niconico/.local/share/Anki2/User 1/collection.media/lovelivesunshine01v2_14m22s414ms_14m24s956ms.mp3,119
1781578862,47,[Doki] Yuru Yuri - 06 (1920x1080 Hi10P BD FLAC),/mnt/GAME_DISK/Animes/Yuru Yuri/1. Yuru Yuri/[Rom & Rem] Yuru Yuri - 06 [H265][10bits][1080p][FLAC].mkv,165
1781579092,,,/home/niconico/.local/share/Anki2/User 1/collection.media/yuruyuri06_04m17s856ms_04m20s792ms.mp3,109
1781579391,,,/home/niconico/.local/share/Anki2/User 1/collection.media/yuruyuri06_08m16s327ms_08m20s397ms.mp3,109
1781579648,,,/home/niconico/.local/share/Anki2/User 1/collection.media/yuruyuri06_11m59s884ms_12m04s722ms.mp3,109
1781580215,,,/home/niconico/.local/share/Anki2/User 1/collection.media/yuruyuri06_20m14s845ms_20m17s748ms.mp3,109
1781586733,49,[Doki] Yuru Yuri - 07v2 (1920x1080 Hi10P BD FLAC),/mnt/GAME_DISK/Animes/Yuru Yuri/1. Yuru Yuri/[Rom & Rem] Yuru Yuri - 07 [H265][10bits][1080p][FLAC].mkv,167
1781586807,,,/home/niconico/.local/share/Anki2/User 1/collection.media/yuruyuri07_00m37s502ms_00m40s439ms.mp3,109
1781587467,,,/home/niconico/.local/share/Anki2/User 1/collection.media/yuruyuri07_08m54s499ms_08m59s070ms.mp3,109
1781587888,,,/home/niconico/.local/share/Anki2/User 1/collection.media/yuruyuri07_13m46s958ms_13m53s598ms.mp3,109
1781588061,,,/home/niconico/.local/share/Anki2/User 1/collection.media/yuruyuri07_15m45s009ms_15m48s713ms.mp3,109
1781666393,47,[Doki] Yuru Yuri - 06 (1920x1080 Hi10P BD FLAC),/mnt/GAME_DISK/Animes/Yuru Yuri/1. Yuru Yuri/[Rom & Rem] Yuru Yuri - 06 [H265][10bits][1080p][FLAC].mkv,165
1781666459,49,[Doki] Yuru Yuri - 07v2 (1920x1080 Hi10P BD FLAC),/mnt/GAME_DISK/Animes/Yuru Yuri/1. Yuru Yuri/[Rom & Rem] Yuru Yuri - 07 [H265][10bits][1080p][FLAC].mkv,167
1781666468,47,[Doki] Yuru Yuri - 08 (1920x1080 Hi10P BD FLAC),/mnt/GAME_DISK/Animes/Yuru Yuri/1. Yuru Yuri/[Rom & Rem] Yuru Yuri - 08 [H265][10bits][1080p][FLAC].mkv,165
1781707105,47,[Doki] Yuru Yuri - 09 (1920x1080 Hi10P BD FLAC),/mnt/GAME_DISK/Animes/Yuru Yuri/1. Yuru Yuri/[Rom & Rem] Yuru Yuri - 09 [H265][10bits][1080p][FLAC].mkv,165
1781711323,47,[Doki] Yuru Yuri - 09 (1920x1080 Hi10P BD FLAC),/mnt/GAME_DISK/Animes/Yuru Yuri/1. Yuru Yuri/[Rom & Rem] Yuru Yuri - 09 [H265][10bits][1080p][FLAC].mkv,165
1781713588,47,[Doki] Yuru Yuri - 09 (1920x1080 Hi10P BD FLAC),/mnt/GAME_DISK/Animes/Yuru Yuri/1. Yuru Yuri/[Rom & Rem] Yuru Yuri - 09 [H265][10bits][1080p][FLAC].mkv,165
1781719702,47,[Doki] Yuru Yuri - 10 (1920x1080 Hi10P BD FLAC),/mnt/GAME_DISK/Animes/Yuru Yuri/1. Yuru Yuri/[Rom & Rem] Yuru Yuri - 10 [H265][10bits][1080p][FLAC].mkv,165
1781720181,47,[Doki] Yuru Yuri - 10 (1920x1080 Hi10P BD FLAC),/mnt/GAME_DISK/Animes/Yuru Yuri/1. Yuru Yuri/[Rom & Rem] Yuru Yuri - 10 [H265][10bits][1080p][FLAC].mkv,165
1781720372,47,[Doki] Yuru Yuri - 10 (1920x1080 Hi10P BD FLAC),/mnt/GAME_DISK/Animes/Yuru Yuri/1. Yuru Yuri/[Rom & Rem] Yuru Yuri - 10 [H265][10bits][1080p][FLAC].mkv,165
1781720458,47,[Doki] Yuru Yuri - 10 (1920x1080 Hi10P BD FLAC),/mnt/GAME_DISK/Animes/Yuru Yuri/1. Yuru Yuri/[Rom & Rem] Yuru Yuri - 10 [H265][10bits][1080p][FLAC].mkv,165
1781720494,47,[Doki] Yuru Yuri - 10 (1920x1080 Hi10P BD FLAC),/mnt/GAME_DISK/Animes/Yuru Yuri/1. Yuru Yuri/[Rom & Rem] Yuru Yuri - 10 [H265][10bits][1080p][FLAC].mkv,165
1781720512,47,[Doki] Yuru Yuri - 09 (1920x1080 Hi10P BD FLAC),/mnt/GAME_DISK/Animes/Yuru Yuri/1. Yuru Yuri/[Rom & Rem] Yuru Yuri - 09 [H265][10bits][1080p][FLAC].mkv,165
1781720530,47,[Doki] Yuru Yuri - 10 (1920x1080 Hi10P BD FLAC),/mnt/GAME_DISK/Animes/Yuru Yuri/1. Yuru Yuri/[Rom & Rem] Yuru Yuri - 10 [H265][10bits][1080p][FLAC].mkv,165
1781720683,47,[Doki] Yuru Yuri - 10 (1920x1080 Hi10P BD FLAC),/mnt/GAME_DISK/Animes/Yuru Yuri/1. Yuru Yuri/[Rom & Rem] Yuru Yuri - 10 [H265][10bits][1080p][FLAC].mkv,165
1781720690,47,[Doki] Yuru Yuri - 09 (1920x1080 Hi10P BD FLAC),/mnt/GAME_DISK/Animes/Yuru Yuri/1. Yuru Yuri/[Rom & Rem] Yuru Yuri - 09 [H265][10bits][1080p][FLAC].mkv,165
1781720701,47,[Doki] Yuru Yuri - 09 (1920x1080 Hi10P BD FLAC),/mnt/GAME_DISK/Animes/Yuru Yuri/1. Yuru Yuri/[Rom & Rem] Yuru Yuri - 09 [H265][10bits][1080p][FLAC].mkv,165
1781721222,47,[Doki] Yuru Yuri - 10 (1920x1080 Hi10P BD FLAC),/mnt/GAME_DISK/Animes/Yuru Yuri/1. Yuru Yuri/[Rom & Rem] Yuru Yuri - 10 [H265][10bits][1080p][FLAC].mkv,165
1781721597,49,[Doki] Yuru Yuri - 11v2 (1920x1080 Hi10P BD FLAC),/mnt/GAME_DISK/Animes/Yuru Yuri/1. Yuru Yuri/[Rom & Rem] Yuru Yuri - 11 [H265][10bits][1080p][FLAC].mkv,167
1781721622,47,[Doki] Yuru Yuri - 09 (1920x1080 Hi10P BD FLAC),/mnt/GAME_DISK/Animes/Yuru Yuri/1. Yuru Yuri/[Rom & Rem] Yuru Yuri - 09 [H265][10bits][1080p][FLAC].mkv,165
1781803040,47,[Doki] Yuru Yuri - 10 (1920x1080 Hi10P BD FLAC),/mnt/GAME_DISK/Animes/Yuru Yuri/1. Yuru Yuri/[Rom & Rem] Yuru Yuri - 10 [H265][10bits][1080p][FLAC].mkv,165
1781836066,,,/home/niconico/.local/share/Anki2/User 1/collection.media/yuruyuri10_17m06s315ms_17m10s319ms.mp3,109
1781865566,47,[Doki] Yuru Yuri - 10 (1920x1080 Hi10P BD FLAC),/mnt/GAME_DISK/Animes/Yuru Yuri/1. Yuru Yuri/[Rom & Rem] Yuru Yuri - 10 [H265][10bits][1080p][FLAC].mkv,165
1781865574,49,[Doki] Yuru Yuri - 11v2 (1920x1080 Hi10P BD FLAC),/mnt/GAME_DISK/Animes/Yuru Yuri/1. Yuru Yuri/[Rom & Rem] Yuru Yuri - 11 [H265][10bits][1080p][FLAC].mkv,167
1781865730,,,/home/niconico/.local/share/Anki2/User 1/collection.media/yuruyuri11_02m56s974ms_03m00s978ms.mp3,109
1781866101,,,/home/niconico/.local/share/Anki2/User 1/collection.media/yuruyuri11_03m22s666ms_03m27s338ms.mp3,109
1781866165,,,/home/niconico/.local/share/Anki2/User 1/collection.media/yuruyuri11_04m11s315ms_04m14s485ms.mp3,109
1781868772,,,/home/niconico/.local/share/Anki2/User 1/collection.media/yuruyuri11_17m24s808ms_17m32s649ms.mp3,109
1781869088,49,[Doki] Yuru Yuri - 12v3 (1920x1080 Hi10P BD FLAC),/mnt/GAME_DISK/Animes/Yuru Yuri/1. Yuru Yuri/[Rom & Rem] Yuru Yuri - 12 [H265][10bits][1080p][FLAC].mkv,167
1781892689,51,[Doki] Yuru Yuri 2 - 01v2 (1920x1080 Hi10P BD FLAC),/mnt/GAME_DISK/Animes/Yuru Yuri/2. Yuru Yuri S2/[Rom & Rem] Yuru Yuri 2 - 01 [H265][10bits][1080p][FLAC].mkv,174
1781941844,51,[Doki] Yuru Yuri 2 - 02v2 (1920x1080 Hi10P BD FLAC),/mnt/GAME_DISK/Animes/Yuru Yuri/2. Yuru Yuri S2/[Rom & Rem] Yuru Yuri 2 - 02 [H265][10bits][1080p][FLAC].mkv,174
1781942018,,,/home/niconico/.local/share/Anki2/User 1/collection.media/yuruyuri202_02m27s954ms_02m32s725ms.mp3,110
1781943191,,,/home/niconico/.local/share/Anki2/User 1/collection.media/yuruyuri202_12m38s731ms_12m43s602ms.mp3,110
1781943314,,,/home/niconico/.local/share/Anki2/User 1/collection.media/yuruyuri202_14m12s291ms_14m14s593ms.mp3,110
1781943778,,,/home/niconico/.local/share/Anki2/User 1/collection.media/yuruyuri202_19m09s521ms_19m12s691ms.mp3,110
1781943995,51,[Doki] Yuru Yuri 2 - 03v2 (1920x1080 Hi10P BD FLAC),/mnt/GAME_DISK/Animes/Yuru Yuri/2. Yuru Yuri S2/[Rom & Rem] Yuru Yuri 2 - 03 [H265][10bits][1080p][FLAC].mkv,174
1781944318,,,/home/niconico/.local/share/Anki2/User 1/collection.media/yuruyuri203_04m45s758ms_04m47s794ms.mp3,110
1781959023,51,[Doki] Yuru Yuri 2 - 04v2 (1920x1080 Hi10P BD FLAC),/mnt/GAME_DISK/Animes/Yuru Yuri/2. Yuru Yuri S2/[Rom & Rem] Yuru Yuri 2 - 04 [H265][10bits][1080p][FLAC].mkv,174
1781960149,,,/home/niconico/.local/share/Anki2/User 1/collection.media/yuruyuri204_08m50s519ms_08m53s147ms.mp3,110
1781960185,,,/home/niconico/.local/share/Anki2/User 1/collection.media/yuruyuri204_08m59s611ms_09m03s073ms.mp3,110
1781960499,,,/home/niconico/.local/share/Anki2/User 1/collection.media/yuruyuri204_13m12s906ms_13m15s492ms.mp3,110
1781960560,,,/home/niconico/.local/share/Anki2/User 1/collection.media/yuruyuri204_13m41s810ms_13m44s771ms.mp3,110
1781960570,,,/home/niconico/.local/share/Anki2/User 1/collection.media/yuruyuri204_13m38s849ms_13m41s309ms.mp3,110
1781960575,,,/home/niconico/.local/share/Anki2/User 1/collection.media/yuruyuri204_13m38s849ms_13m44s771ms.mp3,110
1781960697,,,/home/niconico/.local/share/Anki2/User 1/collection.media/yuruyuri204_15m04s267ms_15m08s980ms.mp3,110
1781961204,,,/home/niconico/.local/share/Anki2/User 1/collection.media/yuruyuri204_22m02s685ms_22m07s106ms.mp3,110
1781961224,,,/home/niconico/.local/share/Anki2/User 1/collection.media/yuruyuri204_22m02s685ms_22m07s106ms.mp3,110
1781961296,51,[Doki] Yuru Yuri 2 - 05v2 (1920x1080 Hi10P BD FLAC),/mnt/GAME_DISK/Animes/Yuru Yuri/2. Yuru Yuri S2/[Rom & Rem] Yuru Yuri 2 - 05 [H265][10bits][1080p][FLAC].mkv,174
1781962634,,,/home/niconico/.local/share/Anki2/User 1/collection.media/yuruyuri205_13m05s065ms_13m08s668ms.mp3,110
1781964096,,,/home/niconico/.local/share/Anki2/User 1/collection.media/yuruyuri205_14m39s993ms_14m44s097ms.mp3,110
1781964573,51,[Doki] Yuru Yuri 2 - 06v2 (1920x1080 Hi10P BD FLAC),/mnt/GAME_DISK/Animes/Yuru Yuri/2. Yuru Yuri S2/[Rom & Rem] Yuru Yuri 2 - 06 [H265][10bits][1080p][FLAC].mkv,174
1782012383,51,[Doki] Yuru Yuri 2 - 07v2 (1920x1080 Hi10P BD FLAC),/mnt/GAME_DISK/Animes/Yuru Yuri/2. Yuru Yuri S2/[Rom & Rem] Yuru Yuri 2 - 07 [H265][10bits][1080p][FLAC].mkv,174
1782012774,,,/home/niconico/.local/share/Anki2/User 1/collection.media/yuruyuri207_06m52s760ms_06m56s296ms.mp3,110
1782012784,,,/home/niconico/.local/share/Anki2/User 1/collection.media/yuruyuri207_06m52s760ms_06m56s296ms.mp3,110
1782012790,,,/home/niconico/.local/share/Anki2/User 1/collection.media/yuruyuri207_06m52s760ms_07m01s335ms.mp3,110
1782012937,,,/home/niconico/.local/share/Anki2/User 1/collection.media/yuruyuri207_08m41s835ms_08m46s507ms.mp3,110
1782013512,,,/home/niconico/.local/share/Anki2/User 1/collection.media/yuruyuri207_10m53s367ms_10m57s371ms.mp3,110
1782013855,,,/home/niconico/.local/share/Anki2/User 1/collection.media/yuruyuri207_13m50s744ms_13m53s747ms.mp3,110
1782023656,,,/home/niconico/.local/share/Anki2/User 1/collection.media/yuruyuri207_18m39s466ms_18m42s769ms.mp3,110
1782023711,,,/home/niconico/.local/share/Anki2/User 1/collection.media/yuruyuri207_18m39s466ms_18m42s769ms.mp3,110
1782023730,,,/home/niconico/.local/share/Anki2/User 1/collection.media/yuruyuri207_18m39s466ms_18m42s769ms.mp3,110
1782023890,,,/home/niconico/.local/share/Anki2/User 1/collection.media/yuruyuri207_18m39s466ms_18m42s769ms.mp3,110
1782023997,,,/home/niconico/.local/share/Anki2/User 1/collection.media/yuruyuri207_18m39s466ms_18m42s769ms.mp3,110
1782024033,,,/home/niconico/.local/share/Anki2/User 1/collection.media/yuruyuri207_18m39s466ms_18m42s769ms.mp3,110
1782045982,51,[Doki] Yuru Yuri 2 - 08v2 (1920x1080 Hi10P BD FLAC),/mnt/GAME_DISK/Animes/Yuru Yuri/2. Yuru Yuri S2/[Rom & Rem] Yuru Yuri 2 - 08 [H265][10bits][1080p][FLAC].mkv,174
1782046038,,,/home/niconico/.local/share/Anki2/User 1/collection.media/yuruyuri208_00m30s411ms_00m34s949ms.mp3,110
1782047275,,,/home/niconico/.local/share/Anki2/User 1/collection.media/yuruyuri208_19m56s576ms_20m00s046ms.mp3,110
1782052579,,,/mnt/GAME_DISK/Animes/Yuru Yuri/4. Yuru Yuri San Hai!/[Rom & Rem] Yuru Yuri San Hai! - 01 [H265][10bits][1080p][FLAC].mkv,134
1782054705,,,/home/niconico/.local/share/Anki2/User 1/collection.media/yuruyurisanhai01_15m34s781ms_15m40s787ms.mp3,115
1782055223,,,/mnt/GAME_DISK/Animes/Yuru Yuri/4. Yuru Yuri San Hai!/[Rom & Rem] Yuru Yuri San Hai! - 02 [H265][10bits][1080p][FLAC].mkv,134
1782057442,,,/home/niconico/.local/share/Anki2/User 1/collection.media/yuruyurisanhai02_08m18s645ms_08m24s284ms.mp3,115
1782057546,,,/home/niconico/.local/share/Anki2/User 1/collection.media/yuruyurisanhai02_09m26s880ms_09m32s319ms.mp3,115
1782057603,,,/home/niconico/.local/share/Anki2/User 1/collection.media/yuruyurisanhai02_10m06s553ms_10m12s526ms.mp3,115
1782057950,,,/home/niconico/.local/share/Anki2/User 1/collection.media/yuruyurisanhai02_14m06s459ms_14m13s133ms.mp3,115
1782058047,,,/home/niconico/.local/share/Anki2/User 1/collection.media/yuruyurisanhai02_15m00s213ms_15m04s684ms.mp3,115
1782058054,,,/home/niconico/.local/share/Anki2/User 1/collection.media/yuruyurisanhai02_15m00s213ms_15m01s681ms.mp3,115
1782058059,,,/home/niconico/.local/share/Anki2/User 1/collection.media/yuruyurisanhai02_15m01s781ms_15m04s684ms.mp3,115
1782058437,,,/home/niconico/.local/share/Anki2/User 1/collection.media/yuruyurisanhai02_15m51s898ms_15m54s668ms.mp3,115
1782058564,,,/home/niconico/.local/share/Anki2/User 1/collection.media/yuruyurisanhai02_17m09s109ms_17m12s345ms.mp3,115
1782058605,,,/home/niconico/.local/share/Anki2/User 1/collection.media/yuruyurisanhai02_17m17s083ms_17m20s053ms.mp3,115
1782058768,,,/home/niconico/.local/share/Anki2/User 1/collection.media/yuruyurisanhai02_18m29s489ms_18m33s893ms.mp3,115
1782058922,,,/home/niconico/.local/share/Anki2/User 1/collection.media/yuruyurisanhai02_20m24s070ms_20m29s142ms.mp3,115
1782059170,,,/mnt/GAME_DISK/Animes/Yuru Yuri/4. Yuru Yuri San Hai!/[Rom & Rem] Yuru Yuri San Hai! - 03 [H265][10bits][1080p][FLAC].mkv,134
1782059246,,,/home/niconico/.local/share/Anki2/User 1/collection.media/yuruyurisanhai03_00m39s754ms_00m42s957ms.mp3,115
1782059283,,,/home/niconico/.local/share/Anki2/User 1/collection.media/yuruyurisanhai03_00m56s937ms_01m00s107ms.mp3,115
1782059292,,,/home/niconico/.local/share/Anki2/User 1/collection.media/yuruyurisanhai03_00m56s937ms_01m02s243ms.mp3,115
1782060016,,,/home/niconico/.local/share/Anki2/User 1/collection.media/yuruyurisanhai03_12m46s513ms_12m49s683ms.mp3,115
1782060992,,,/home/niconico/.local/share/Anki2/User 1/collection.media/yuruyurisanhai03_19m43s863ms_19m51s204ms.mp3,115
1782061004,,,/home/niconico/.local/share/Anki2/User 1/collection.media/yuruyurisanhai03_19m40s927ms_19m46s232ms.mp3,115
1782061018,,,/home/niconico/.local/share/Anki2/User 1/collection.media/yuruyurisanhai03_19m43s863ms_19m51s204ms.mp3,115
1782098926,,,/mnt/GAME_DISK/Animes/Yuru Yuri/4. Yuru Yuri San Hai!/[Rom & Rem] Yuru Yuri San Hai! - 04 [H265][10bits][1080p][FLAC].mkv,134
1782099167,,,/home/niconico/.local/share/Anki2/User 1/collection.media/yuruyurisanhai04_04m40s561ms_04m48s669ms.mp3,115
1782099180,,,/home/niconico/.local/share/Anki2/User 1/collection.media/yuruyurisanhai04_04m40s561ms_04m45s132ms.mp3,115
1782110074,,,/mnt/GAME_DISK/Animes/Yuru Yuri/4. Yuru Yuri San Hai!/[Rom & Rem] Yuru Yuri San Hai! - 05 [H265][10bits][1080p][FLAC].mkv,134
1782110178,,,/home/niconico/.local/share/Anki2/User 1/collection.media/yuruyurisanhai05_02m31s265ms_02m35s169ms.mp3,115
1782111199,,,/home/niconico/.local/share/Anki2/User 1/collection.media/yuruyurisanhai05_05m39s720ms_05m43s357ms.mp3,115
1782112637,,,/home/niconico/.local/share/Anki2/User 1/collection.media/yuruyurisanhai05_16m31s638ms_16m33s139ms.mp3,115
1782112644,,,/home/niconico/.local/share/Anki2/User 1/collection.media/yuruyurisanhai05_16m23s763ms_16m33s139ms.mp3,115
1782122142,,,/mnt/GAME_DISK/Animes/[VCB-Studio] Gochiusa/[Hakugetsu&VCB-Studio] Gochuumon wa Usagi Desuka？ [Hi10p_1080p]/[Hakugetsu&VCB-Studio] Gochuumon wa Usagi Desuka？ [01][Hi10p_1080p][x264_2flac].mkv,208
1782122363,,,/mnt/GAME_DISK/Animes/[VCB-Studio] Gochiusa/[Hakugetsu&VCB-Studio] Gochuumon wa Usagi Desuka？ [Hi10p_1080p]/[Hakugetsu&VCB-Studio] Gochuumon wa Usagi Desuka？ [01][Hi10p_1080p][x264_2flac].mkv,208
1782122613,,,/mnt/GAME_DISK/Animes/[VCB-Studio] Gochiusa/[Hakugetsu&VCB-Studio] Gochuumon wa Usagi Desuka？ [Hi10p_1080p]/[Hakugetsu&VCB-Studio] Gochuumon wa Usagi Desuka？ [01][Hi10p_1080p][x264_2flac].mkv,208
1782122617,,,/home/niconico/.local/share/Anki2/User 1/collection.media/gochuumonwausagidesuka？_01m20s100ms_01m21s840ms.mp3,124
1782122628,,,/mnt/GAME_DISK/Animes/[VCB-Studio] Gochiusa/[Hakugetsu&VCB-Studio] Gochuumon wa Usagi Desuka？ [Hi10p_1080p]/[Hakugetsu&VCB-Studio] Gochuumon wa Usagi Desuka？ [01][Hi10p_1080p][x264_2flac].mkv,208
1782122633,,,/home/niconico/.local/share/Anki2/User 1/collection.media/gochuumonwausagidesuka？_01m20s100ms_01m21s840ms.mp3,124
1782122679,,,/mnt/GAME_DISK/Animes/[VCB-Studio] Gochiusa/[Hakugetsu&VCB-Studio] Gochuumon wa Usagi Desuka？ [Hi10p_1080p]/[Hakugetsu&VCB-Studio] Gochuumon wa Usagi Desuka？ [01][Hi10p_1080p][x264_2flac].mkv,208
1782122792,47,[Doki] Yuru Yuri - 10 (1920x1080 Hi10P BD FLAC),/mnt/GAME_DISK/Animes/Yuru Yuri/1. Yuru Yuri/[Rom & Rem] Yuru Yuri - 10 [H265][10bits][1080p][FLAC].mkv,165
1782122989,47,[Doki] Yuru Yuri - 10 (1920x1080 Hi10P BD FLAC),/mnt/GAME_DISK/Animes/Yuru Yuri/1. Yuru Yuri/[Rom & Rem] Yuru Yuri - 10 [H265][10bits][1080p][FLAC].mkv,165
1782123039,,,/mnt/GAME_DISK/Animes/[VCB-Studio] Gochiusa/[Hakugetsu&VCB-Studio] Gochuumon wa Usagi Desuka？ [Hi10p_1080p]/[Hakugetsu&VCB-Studio] Gochuumon wa Usagi Desuka？ [01][Hi10p_1080p][x264_2flac].mkv,208
1782123268,,,/mnt/GAME_DISK/Animes/[VCB-Studio] Gochiusa/[Hakugetsu&VCB-Studio] Gochuumon wa Usagi Desuka？ [Hi10p_1080p]/[Hakugetsu&VCB-Studio] Gochuumon wa Usagi Desuka？ [01][Hi10p_1080p][x264_2flac].mkv,208
1782134514,,,/mnt/GAME_DISK/Animes/Yuru Yuri/4. Yuru Yuri San Hai!/[Rom & Rem] Yuru Yuri San Hai! - 07 [H265][10bits][1080p][FLAC].mkv,134
1782134524,,,/mnt/GAME_DISK/Animes/Yuru Yuri/4. Yuru Yuri San Hai!/[Rom & Rem] Yuru Yuri San Hai! - 06 [H265][10bits][1080p][FLAC].mkv,134
1782134692,,,/mnt/GAME_DISK/Animes/Yuru Yuri/4. Yuru Yuri San Hai!/[Rom & Rem] Yuru Yuri San Hai! - 06 [H265][10bits][1080p][FLAC].mkv,134
1782134729,,,/home/niconico/.local/share/Anki2/User 1/collection.media/yuruyurisanhai06_02m43s796ms_02m49s869ms.mp3,115
1782134789,,,/home/niconico/.local/share/Anki2/User 1/collection.media/yuruyurisanhai06_03m20s767ms_03m22s502ms.mp3,115
1782134798,,,/home/niconico/.local/share/Anki2/User 1/collection.media/yuruyurisanhai06_03m20s767ms_03m25s905ms.mp3,115
1782134817,,,/home/niconico/.local/share/Anki2/User 1/collection.media/yuruyurisanhai06_03m20s658ms_03m25s905ms.mp3,115
1782134832,,,/home/niconico/.local/share/Anki2/User 1/collection.media/yuruyurisanhai06_03m20s491ms_03m22s502ms.mp3,115
1782134837,,,/home/niconico/.local/share/Anki2/User 1/collection.media/yuruyurisanhai06_03m20s491ms_03m25s905ms.mp3,115
1782135060,,,/home/niconico/.local/share/Anki2/User 1/collection.media/yuruyurisanhai06_03m15s486ms_03m20s633ms.mp3,115
1782135223,,,/home/niconico/.local/share/Anki2/User 1/collection.media/yuruyurisanhai06_03m51s956ms_03m56s593ms.mp3,115
1782135289,,,/home/niconico/.local/share/Anki2/User 1/collection.media/yuruyurisanhai06_04m08s706ms_04m14s278ms.mp3,115
1782135868,,,/home/niconico/.local/share/Anki2/User 1/collection.media/yuruyurisanhai06_05m14s705ms_05m17s341ms.mp3,115
1782135874,,,/home/niconico/.local/share/Anki2/User 1/collection.media/yuruyurisanhai06_05m14s705ms_05m18s742ms.mp3,115
1782136027,,,/home/niconico/.local/share/Anki2/User 1/collection.media/yuruyurisanhai06_07m17s294ms_07m20s397ms.mp3,115
1782136515,,,/home/niconico/.local/share/Anki2/User 1/collection.media/yuruyurisanhai06_07m42s519ms_07m44s321ms.mp3,115
1782137278,,,/home/niconico/.local/share/Anki2/User 1/collection.media/yuruyurisanhai06_11m02s419ms_11m08s425ms.mp3,115
1782137287,,,/home/niconico/.local/share/Anki2/User 1/collection.media/yuruyurisanhai06_11m02s419ms_11m04s554ms.mp3,115
1782137423,,,/home/niconico/.local/share/Anki2/User 1/collection.media/yuruyurisanhai06_12m16s560ms_12m19s229ms.mp3,115
1782137429,,,/home/niconico/.local/share/Anki2/User 1/collection.media/yuruyurisanhai06_12m13s690ms_12m19s229ms.mp3,115
1782137859,,,/home/niconico/.local/share/Anki2/User 1/collection.media/yuruyurisanhai06_12m27s704ms_12m32s142ms.mp3,115
1782138592,,,/home/niconico/.local/share/Anki2/User 1/collection.media/yuruyurisanhai06_18m02s038ms_18m08s178ms.mp3,115
1782138600,,,/home/niconico/.local/share/Anki2/User 1/collection.media/yuruyurisanhai06_18m04s340ms_18m11s815ms.mp3,115
1782138609,,,/home/niconico/.local/share/Anki2/User 1/collection.media/yuruyurisanhai06_18m04s340ms_18m08s178ms.mp3,115
1782138750,,,/home/niconico/.local/share/Anki2/User 1/collection.media/yuruyurisanhai06_19m02s398ms_19m06s536ms.mp3,115
1782139044,,,/mnt/GAME_DISK/Animes/Yuru Yuri/4. Yuru Yuri San Hai!/[Rom & Rem] Yuru Yuri San Hai! - 07 [H265][10bits][1080p][FLAC].mkv,134
1782140206,,,/home/niconico/.local/share/Anki2/User 1/collection.media/yuruyurisanhai07_19m15s078ms_19m18s314ms.mp3,115
1782140396,,,/mnt/GAME_DISK/Animes/Yuru Yuri/4. Yuru Yuri San Hai!/[Rom & Rem] Yuru Yuri San Hai! - 08 [H265][10bits][1080p][FLAC].mkv,134
1782141628,,,/home/niconico/.local/share/Anki2/User 1/collection.media/yuruyurisanhai08_16m24s407ms_16m29s012ms.mp3,115
1782161355,,,/mnt/GAME_DISK/Animes/Yuru Yuri/4. Yuru Yuri San Hai!/[Rom & Rem] Yuru Yuri San Hai! - 01 [H265][10bits][1080p][FLAC].mkv,134
1782164687,,,/mnt/GAME_DISK/Animes/Yuru Yuri/4. Yuru Yuri San Hai!/[Rom & Rem] Yuru Yuri San Hai! - 09 [H265][10bits][1080p][FLAC].mkv,134
1782205880,,,/home/niconico/.local/share/Anki2/User 1/collection.media/yuruyurisanhai09_02m13s224ms_02m16s994ms.mp3,115
1782206896,,,/home/niconico/.local/share/Anki2/User 1/collection.media/yuruyurisanhai09_13m47s584ms_13m51s121ms.mp3,115
1782212314,,,/mnt/GAME_DISK/Animes/Yuru Yuri/4. Yuru Yuri San Hai!/[Rom & Rem] Yuru Yuri San Hai! - 10 [H265][10bits][1080p][FLAC].mkv,134
1782212817,,,/mnt/GAME_DISK/Animes/Yuru Yuri/4. Yuru Yuri San Hai!/[Rom & Rem] Yuru Yuri San Hai! - 10 [H265][10bits][1080p][FLAC].mkv,134
1782212843,,,/mnt/GAME_DISK/Animes/Yuru Yuri/4. Yuru Yuri San Hai!/[Rom & Rem] Yuru Yuri San Hai! - 10 [H265][10bits][1080p][FLAC].mkv,134
1782213016,,,/mnt/GAME_DISK/Animes/Yuru Yuri/4. Yuru Yuri San Hai!/[Rom & Rem] Yuru Yuri San Hai! - 10 [H265][10bits][1080p][FLAC].mkv,134
1782213029,,,/mnt/GAME_DISK/Animes/Yuru Yuri/4. Yuru Yuri San Hai!/[Rom & Rem] Yuru Yuri San Hai! - 10 [H265][10bits][1080p][FLAC].mkv,134
1782213263,,,/mnt/GAME_DISK/Animes/Yuru Yuri/4. Yuru Yuri San Hai!/[Rom & Rem] Yuru Yuri San Hai! - 10 [H265][10bits][1080p][FLAC].mkv,134
1782213915,,,/mnt/GAME_DISK/Animes/Yuru Yuri/4. Yuru Yuri San Hai!/[Rom & Rem] Yuru Yuri San Hai! - 10 [H265][10bits][1080p][FLAC].mkv,134
1782214315,,,/home/niconico/.local/share/Anki2/User 1/collection.media/yuruyurisanhai10_12m43s052ms_12m45s588ms.mp3,115
1782214435,,,/home/niconico/.local/share/Anki2/User 1/collection.media/yuruyurisanhai10_14m08s804ms_14m12s408ms.mp3,115
1782214762,,,/home/niconico/.local/share/Anki2/User 1/collection.media/yuruyurisanhai10_18m36s005ms_18m38s407ms.mp3,115
1782214872,,,/home/niconico/.local/share/Anki2/User 1/collection.media/yuruyurisanhai10_20m04s226ms_20m05s761ms.mp3,115
1782215031,48,Yuru Yuri Nachuyachumi! OVA by Lazy Lily Fansubs,/mnt/GAME_DISK/Animes/Yuru Yuri/3. Yuru Yuri Nachuyachumi!/[Rom & Rem] Yuru Yuri Nachuyachumi! [H265][10bits][1080p][FLAC].mkv,189
1782215045,45,Yuru Yuri Nachuyachumi!+ by Lazy Lily Fansubs,/mnt/GAME_DISK/Animes/Yuru Yuri/3. Yuru Yuri Nachuyachumi!/[Rom & Rem] Yuru Yuri Nachuyachumi!+ - 01 [H265][10bits][1080p][FLAC].mkv,192
1782215061,,,/mnt/GAME_DISK/Animes/Yuru Yuri/5. Yuru Yuri Ten/[Rom & Rem] Yuru Yuri Ten [H265][10bits][1080p][FLAC].mkv,119
1782215092,,,/home/niconico/.local/share/Anki2/User 1/collection.media/yuruyurisanhai10_23m13s248ms_23m16s318ms.mp3,115
1782215203,,,/mnt/GAME_DISK/Animes/Yuru Yuri/4. Yuru Yuri San Hai!/[Rom & Rem] Yuru Yuri San Hai! - 11 [H265][10bits][1080p][FLAC].mkv,134
1782215298,,,/home/niconico/.local/share/Anki2/User 1/collection.media/yuruyurisanhai11_01m00s650ms_01m02s953ms.mp3,115
1782215909,,,/home/niconico/.local/share/Anki2/User 1/collection.media/yuruyurisanhai11_11m54s670ms_11m58s007ms.mp3,115
1782224513,,,/mnt/GAME_DISK/Animes/Yuru Yuri/4. Yuru Yuri San Hai!/[Rom & Rem] Yuru Yuri San Hai! - 12 [H265][10bits][1080p][FLAC].mkv,134
1782224879,,,/home/niconico/.local/share/Anki2/User 1/collection.media/yuruyurisanhai12_04m22s185ms_04m27s223ms.mp3,115
1782225120,,,/home/niconico/.local/share/Anki2/User 1/collection.media/yuruyurisanhai12_07m42s719ms_07m46s689ms.mp3,115
1782225403,,,/home/niconico/.local/share/Anki2/User 1/collection.media/yuruyurisanhai12_11m22s905ms_11m26s242ms.mp3,115
1782225426,,,/home/niconico/.local/share/Anki2/User 1/collection.media/yuruyurisanhai12_11m31s380ms_11m35s384ms.mp3,115
1782225457,,,/home/niconico/.local/share/Anki2/User 1/collection.media/yuruyurisanhai12_11m22s905ms_11m26s242ms.mp3,115
1782225514,,,/home/niconico/.local/share/Anki2/User 1/collection.media/yuruyurisanhai12_11m22s905ms_11m26s242ms.mp3,115
1782225522,,,/home/niconico/.local/share/Anki2/User 1/collection.media/yuruyurisanhai12_11m22s905ms_11m26s242ms.mp3,115
1782225552,,,/home/niconico/.local/share/Anki2/User 1/collection.media/yuruyurisanhai12_11m31s380ms_11m35s384ms.mp3,115
1782225555,,,/home/niconico/.local/share/Anki2/User 1/collection.media/yuruyurisanhai12_11m31s380ms_11m35s384ms.mp3,115
1782225563,,,/home/niconico/.local/share/Anki2/User 1/collection.media/yuruyurisanhai12_11m31s380ms_11m35s384ms.mp3,115
1782225716,,,/home/niconico/.local/share/Anki2/User 1/collection.media/yuruyurisanhai12_12m45s388ms_12m47s323ms.mp3,115
1782225727,,,/home/niconico/.local/share/Anki2/User 1/collection.media/yuruyurisanhai12_12m43s686ms_12m47s323ms.mp3,115
1782226171,,,/home/niconico/.local/share/Anki2/User 1/collection.media/yuruyurisanhai12_19m32s995ms_19m35s197ms.mp3,115
1782226231,,,/home/niconico/.local/share/Anki2/User 1/collection.media/yuruyurisanhai12_12m43s686ms_12m45s287ms.mp3,115
1782226280,,,/home/niconico/.local/share/Anki2/User 1/collection.media/yuruyurisanhai12_12m43s686ms_12m47s323ms.mp3,115
1782226367,,,/home/niconico/.local/share/Anki2/User 1/collection.media/yuruyurisanhai12_12m43s686ms_12m47s323ms.mp3,115
1782226396,,,/home/niconico/.local/share/Anki2/User 1/collection.media/yuruyurisanhai12_19m32s995ms_19m35s197ms.mp3,115
1782226654,48,Yuru Yuri Nachuyachumi! OVA by Lazy Lily Fansubs,/mnt/GAME_DISK/Animes/Yuru Yuri/3. Yuru Yuri Nachuyachumi!/[Rom & Rem] Yuru Yuri Nachuyachumi! [H265][10bits][1080p][FLAC].mkv,189
1782226762,48,Yuru Yuri Nachuyachumi! OVA by Lazy Lily Fansubs,/mnt/GAME_DISK/Animes/Yuru Yuri/3. Yuru Yuri Nachuyachumi!/[Rom & Rem] Yuru Yuri Nachuyachumi! [H265][10bits][1080p][FLAC].mkv,189
1782244424,,,/home/niconico/.local/share/Anki2/User 1/collection.media/yuruyurinachuyachumi_14m22s338ms_14m26s108ms.mp3,119
1782244636,,,/home/niconico/.local/share/Anki2/User 1/collection.media/yuruyurinachuyachumi_17m33s796ms_17m36s632ms.mp3,119
1782245127,,,/home/niconico/.local/share/Anki2/User 1/collection.media/yuruyurinachuyachumi_24m42s424ms_24m49s031ms.mp3,119
1782301845,,,/home/niconico/.local/share/Anki2/User 1/collection.media/yuruyurinachuyachumi_35m50s424ms_35m55s996ms.mp3,119
1782301929,,,/home/niconico/.local/share/Anki2/User 1/collection.media/yuruyurinachuyachumi_36m29s629ms_36m33s367ms.mp3,119
1782377783,48,Yuru Yuri Nachuyachumi! OVA by Lazy Lily Fansubs,/mnt/GAME_DISK/Animes/Yuru Yuri/3. Yuru Yuri Nachuyachumi!/[Rom & Rem] Yuru Yuri Nachuyachumi! [H265][10bits][1080p][FLAC].mkv,189
1782409180,,,/home/niconico/.local/share/Anki2/User 1/collection.media/yuruyurinachuyachumi_57m25s348ms_57m39s923ms.mp3,119
1782409196,,,/home/niconico/.local/share/Anki2/User 1/collection.media/yuruyurinachuyachumi_57m25s348ms_57m39s923ms.mp3,119
1782542392,,,/mnt/GAME_DISK/Animes/[YuushaNi] Love Live! School Idol Project Complete (BD HEVC 1920x1080 AAC)/Love Live! School Idol Project/[YuushaNi] Love Live! - 01 (BD HEVC 1920x1080 AAC).mkv,195
1782560016,,,/mnt/GAME_DISK/Animes/Yuru Yuri/5. Yuru Yuri Ten/[Rom & Rem] Yuru Yuri Ten [H265][10bits][1080p][FLAC].mkv,119
1782560069,45,Yuru Yuri Nachuyachumi!+ by Lazy Lily Fansubs,/mnt/GAME_DISK/Animes/Yuru Yuri/3. Yuru Yuri Nachuyachumi!/[Rom & Rem] Yuru Yuri Nachuyachumi!+ - 01 [H265][10bits][1080p][FLAC].mkv,192
1782599895,,,/home/niconico/Documents/videod0ee7a64-3228-4846-8250-80e670c7324a.mp4,83
1782600741,48,Yuru Yuri Nachuyachumi!+ 02 by Lazy Lily Fansubs,/mnt/GAME_DISK/Animes/Yuru Yuri/3. Yuru Yuri Nachuyachumi!/[Rom & Rem] Yuru Yuri Nachuyachumi!+ - 02 [H265][10bits][1080p][FLAC].mkv,195
1782603821,,,/mnt/GAME_DISK/Animes/Hidamari Sketch Complete Collection [BD][1080p]/Hidamari Sketch/Hidamari Sketch - 01.mkv,123
1782603850,,,/mnt/GAME_DISK/Animes/Hidamari Sketch Complete Collection [BD][1080p]/Hidamari Sketch x ☆☆☆/Hidamari Sketch x ☆☆☆ - 01.mkv,147
1782603992,,,/mnt/GAME_DISK/Animes/[GetItTwisted] The iDOLM@STER S01 [BD 1080p HEVC Opus]/[GetItTwisted] The iDOLM@STER - S01E19 [BD 1080p HEVC Opus] [2A8E9D75].mkv,164
1782604278,,,/mnt/GAME_DISK/Animes/[neoDESU] [v2] Laid-Back Camp  + Room Camp [BD 1080p x265 HEVC OPUS AAC] [Dual Audio]/Laid-Back Camp/Season 1/Laid-Back Camp - S01E01.mkv,172
1782604617,,,/home/niconico/.local/share/Anki2/User 1/collection.media/laidbackcamps01e01_00m20s676ms_00m24s388ms.mp3,117
1782605220,,,/mnt/GAME_DISK/Animes/[neoDESU] [v2] Laid-Back Camp  + Room Camp [BD 1080p x265 HEVC OPUS AAC] [Dual Audio]/Laid-Back Camp/Season 1/Laid-Back Camp - S01E01.mkv,172
1782605286,,,/home/niconico/.local/share/Anki2/User 1/collection.media/laidbackcamps01e01_00m20s509ms_00m24s221ms.mp3,117
1782605771,,,/home/niconico/.local/share/Anki2/User 1/collection.media/laidbackcamps01e01_05m06s128ms_05m12s050ms.mp3,117
1782607031,,,/home/niconico/.local/share/Anki2/User 1/collection.media/laidbackcamps01e01_10m23s028ms_10m25s697ms.mp3,117
1782607062,,,/home/niconico/.local/share/Anki2/User 1/collection.media/laidbackcamps01e01_10m19s024ms_10m25s697ms.mp3,117
1782609081,,,/mnt/GAME_DISK/Animes/[neoDESU] [v2] Laid-Back Camp  + Room Camp [BD 1080p x265 HEVC OPUS AAC] [Dual Audio]/Laid-Back Camp/Season 1/Laid-Back Camp - S01E02.mkv,172
1782616297,,,/mnt/GAME_DISK/Animes/[neoDESU] [v2] Laid-Back Camp  + Room Camp [BD 1080p x265 HEVC OPUS AAC] [Dual Audio]/Laid-Back Camp/Season 1/Laid-Back Camp - S01E03.mkv,172
1782616647,,,/home/niconico/.local/share/Anki2/User 1/collection.media/laidbackcamps01e03_06m48s148ms_06m52s194ms.mp3,117
1782649857,,,/mnt/GAME_DISK/Animes/[neoDESU] [v2] Laid-Back Camp  + Room Camp [BD 1080p x265 HEVC OPUS AAC] [Dual Audio]/Laid-Back Camp/Season 1/Laid-Back Camp - S01E03.mkv,172
1782649862,,,/mnt/GAME_DISK/Animes/[neoDESU] [v2] Laid-Back Camp  + Room Camp [BD 1080p x265 HEVC OPUS AAC] [Dual Audio]/Laid-Back Camp/Season 1/Laid-Back Camp - S01E04.mkv,172
1782650588,,,/mnt/GAME_DISK/Animes/[neoDESU] [v2] Laid-Back Camp  + Room Camp [BD 1080p x265 HEVC OPUS AAC] [Dual Audio]/Laid-Back Camp/Season 1/Laid-Back Camp - S01E05.mkv,172
1782748301,,,/home/niconico/.local/share/Anki2/User 1/collection.media/laidbackcamps01e05_23m22s975ms_23m25s895ms.mp3,117
1782748346,,,/mnt/GAME_DISK/Animes/[neoDESU] [v2] Laid-Back Camp  + Room Camp [BD 1080p x265 HEVC OPUS AAC] [Dual Audio]/Laid-Back Camp/Season 1/Laid-Back Camp - S01E06.mkv,172
1782748376,,,/mnt/GAME_DISK/Animes/[neoDESU] [v2] Laid-Back Camp  + Room Camp [BD 1080p x265 HEVC OPUS AAC] [Dual Audio]/Laid-Back Camp/Season 1/Laid-Back Camp - S01E06.mkv,172
1782748826,,,/home/niconico/.local/share/Anki2/User 1/collection.media/laidbackcamps01e06_05m38s313ms_05m43s193ms.mp3,117
1782749491,,,/home/niconico/.local/share/Anki2/User 1/collection.media/laidbackcamps01e06_05m39s981ms_05m43s193ms.mp3,117
1782750004,,,/home/niconico/.local/share/Anki2/User 1/collection.media/laidbackcamps01e06_10m08s545ms_10m12s341ms.mp3,117
1782751319,,,/mnt/GAME_DISK/Animes/[neoDESU] [v2] Laid-Back Camp  + Room Camp [BD 1080p x265 HEVC OPUS AAC] [Dual Audio]/Laid-Back Camp/Season 1/Laid-Back Camp - S01E07.mkv,172
1782752865,,,/home/niconico/.local/share/Anki2/User 1/collection.media/laidbackcamps01e07_18m10s485ms_18m14s280ms.mp3,117
1782756795,,,/mnt/GAME_DISK/Animes/[WBDP] Tamayura (Complete) [BD][1080p-FLAC]/04 - Tamayura ~ Sotsugyou Shashin/[WBDP] 01 - Budding [BD][1080p-FLAC] [C0CE08AE].mkv,164
1782795754,,,/mnt/GAME_DISK/Animes/[neoDESU] [v2] Laid-Back Camp  + Room Camp [BD 1080p x265 HEVC OPUS AAC] [Dual Audio]/Laid-Back Camp/Season 1/Laid-Back Camp - S01E08.mkv,172
1782805287,,,/mnt/GAME_DISK/Animes/[neoDESU] [v2] Laid-Back Camp  + Room Camp [BD 1080p x265 HEVC OPUS AAC] [Dual Audio]/Laid-Back Camp/Season 1/Laid-Back Camp - S01E09.mkv,172
1782806849,,,/mnt/GAME_DISK/Animes/[neoDESU] [v2] Laid-Back Camp  + Room Camp [BD 1080p x265 HEVC OPUS AAC] [Dual Audio]/Laid-Back Camp/Season 1/Laid-Back Camp - S01E10.mkv,172
1782829419,,,/home/niconico/.local/share/Anki2/User 1/collection.media/laidbackcamps01e10_16m40s770ms_16m43s565ms.mp3,117
1782829805,,,/mnt/GAME_DISK/Animes/[neoDESU] [v2] Laid-Back Camp  + Room Camp [BD 1080p x265 HEVC OPUS AAC] [Dual Audio]/Laid-Back Camp/Season 1/Laid-Back Camp - S01E11.mkv,172
1782830280,,,/home/niconico/.local/share/Anki2/User 1/collection.media/laidbackcamps01e11_06m54s726ms_06m57s521ms.mp3,117
1782831243,,,/mnt/GAME_DISK/Animes/[neoDESU] [v2] Laid-Back Camp  + Room Camp [BD 1080p x265 HEVC OPUS AAC] [Dual Audio]/Laid-Back Camp/Season 1/Laid-Back Camp - S01E12.mkv,172
1782837829,,,/mnt/GAME_DISK/Animes/[neoDESU] [v2] Laid-Back Camp  + Room Camp [BD 1080p x265 HEVC OPUS AAC] [Dual Audio]/Laid-Back Camp/Season 2/Laid-Back Camp - S02E08.mkv,172
1782889301,,,/mnt/GAME_DISK/Animes/[neoDESU] [v2] Laid-Back Camp  + Room Camp [BD 1080p x265 HEVC OPUS AAC] [Dual Audio]/Laid-Back Camp/Season 2/Laid-Back Camp - S02E01.mkv,172
1782889734,,,/home/niconico/.local/share/Anki2/User 1/collection.media/laidbackcamps02e01_06m14s123ms_06m16s250ms.mp3,117
1782889747,,,/home/niconico/.local/share/Anki2/User 1/collection.media/laidbackcamps02e01_06m14s123ms_06m19s504ms.mp3,117
1782894676,,,/mnt/GAME_DISK/Animes/[neoDESU] [v2] Laid-Back Camp  + Room Camp [BD 1080p x265 HEVC OPUS AAC] [Dual Audio]/Laid-Back Camp/Season 2/Laid-Back Camp - S02E02.mkv,172
1782897833,,,/mnt/GAME_DISK/Animes/[neoDESU] [v2] Laid-Back Camp  + Room Camp [BD 1080p x265 HEVC OPUS AAC] [Dual Audio]/Laid-Back Camp/Season 2/Laid-Back Camp - S02E03.mkv,172
1782899210,,,/mnt/GAME_DISK/Animes/[neoDESU] [v2] Laid-Back Camp  + Room Camp [BD 1080p x265 HEVC OPUS AAC] [Dual Audio]/Laid-Back Camp/Season 2/Laid-Back Camp - S02E04.mkv,172
1782903130,,,/mnt/GAME_DISK/Animes/[neoDESU] [v2] Laid-Back Camp  + Room Camp [BD 1080p x265 HEVC OPUS AAC] [Dual Audio]/Laid-Back Camp/Season 2/Laid-Back Camp - S02E05.mkv,172
1782903692,,,/home/niconico/.local/share/Anki2/User 1/collection.media/laidbackcamps02e05_10m02s184ms_10m11s986ms.mp3,117
1782904446,,,/mnt/GAME_DISK/Animes/[neoDESU] [v2] Laid-Back Camp  + Room Camp [BD 1080p x265 HEVC OPUS AAC] [Dual Audio]/Laid-Back Camp/Season 2/Laid-Back Camp - S02E06.mkv,172
1782904824,,,/mnt/GAME_DISK/Animes/[neoDESU] [v2] Laid-Back Camp  + Room Camp [BD 1080p x265 HEVC OPUS AAC] [Dual Audio]/Laid-Back Camp/Season 2/Laid-Back Camp - S02E06.mkv,172
1782906423,,,/mnt/GAME_DISK/Animes/[neoDESU] [v2] Laid-Back Camp  + Room Camp [BD 1080p x265 HEVC OPUS AAC] [Dual Audio]/Laid-Back Camp/Season 2/Laid-Back Camp - S02E07.mkv,172
1782906980,15,Ruri Rocks - 01,/mnt/GAME_DISK/Animes/[Trix] Ruri Rocks S01 (WEB 1080p AV1 Opus) [Multi Subs]/[Trix] Ruri Rocks - 01 v2 (WEB 1080p AV1 Opus) [Multi Subs] [8DAE2E15].mkv,182
1782907569,,,/home/niconico/.local/share/Anki2/User 1/collection.media/rurirocks01v2_07m35s946ms_07m38s699ms.mp3,112
1782907659,,,/home/niconico/.local/share/Anki2/User 1/collection.media/rurirocks01v2_08m34s963ms_08m38s175ms.mp3,112
1782907722,,,/home/niconico/.local/share/Anki2/User 1/collection.media/rurirocks01v2_08m57s944ms_09m01s406ms.mp3,112
1782908111,,,/home/niconico/.local/share/Anki2/User 1/collection.media/rurirocks01v2_15m27s125ms_15m30s420ms.mp3,112
1782908206,,,/home/niconico/.local/share/Anki2/User 1/collection.media/rurirocks01v2_16m48s414ms_16m50s959ms.mp3,112
1782908550,15,Ruri Rocks - 02,/mnt/GAME_DISK/Animes/[Trix] Ruri Rocks S01 (WEB 1080p AV1 Opus) [Multi Subs]/[Trix] Ruri Rocks - 02 v2 (WEB 1080p AV1 Opus) [Multi Subs] [67996FD1].mkv,182
1782908620,,,/home/niconico/.local/share/Anki2/User 1/collection.media/rurirocks02v2_00m38s697ms_00m43s451ms.mp3,112
1782908736,,,/home/niconico/.local/share/Anki2/User 1/collection.media/rurirocks02v2_02m59s629ms_03m03s299ms.mp3,112
1782908817,,,/home/niconico/.local/share/Anki2/User 1/collection.media/rurirocks02v2_03m12s767ms_03m18s023ms.mp3,112
1782909926,,,/home/niconico/.local/share/Anki2/User 1/collection.media/rurirocks02v2_20m04s153ms_20m07s281ms.mp3,112
1782910132,15,Ruri Rocks - 03,/mnt/GAME_DISK/Animes/[Trix] Ruri Rocks S01 (WEB 1080p AV1 Opus) [Multi Subs]/[Trix] Ruri Rocks - 03 v2 (WEB 1080p AV1 Opus) [Multi Subs] [153813EE].mkv,182
1782911486,15,Ruri Rocks - 04,/mnt/GAME_DISK/Animes/[Trix] Ruri Rocks S01 (WEB 1080p AV1 Opus) [Multi Subs]/[Trix] Ruri Rocks - 04 v2 (WEB 1080p AV1 Opus) [Multi Subs] [DEF58956].mkv,182
1782911582,,,/home/niconico/.local/share/Anki2/User 1/collection.media/rurirocks04v2_02m21s006ms_02m25s511ms.mp3,112
1782911699,,,/home/niconico/.local/share/Anki2/User 1/collection.media/rurirocks04v2_03m27s489ms_03m31s368ms.mp3,112
1782911988,,,/home/niconico/.local/share/Anki2/User 1/collection.media/rurirocks04v2_07m23s225ms_07m27s980ms.mp3,112
1782912928,15,Ruri Rocks - 05,/mnt/GAME_DISK/Animes/[Trix] Ruri Rocks S01 (WEB 1080p AV1 Opus) [Multi Subs]/[Trix] Ruri Rocks - 05 v2 (WEB 1080p AV1 Opus) [Multi Subs] [80361BC1].mkv,182
1782914120,,,/home/niconico/.local/share/Anki2/User 1/collection.media/rurirocks05v2_11m56s832ms_12m02s088ms.mp3,112
1782914343,,,/home/niconico/.local/share/Anki2/User 1/collection.media/rurirocks05v2_15m09s859ms_15m13s612ms.mp3,112
1782914596,,,/home/niconico/.local/share/Anki2/User 1/collection.media/rurirocks05v2_18m34s104ms_18m40s819ms.mp3,112
1782914633,,,/home/niconico/.local/share/Anki2/User 1/collection.media/rurirocks05v2_18m38s025ms_18m43s614ms.mp3,112
1782914878,15,Ruri Rocks - 06,/mnt/GAME_DISK/Animes/[Trix] Ruri Rocks S01 (WEB 1080p AV1 Opus) [Multi Subs]/[Trix] Ruri Rocks - 06 v2 (WEB 1080p AV1 Opus) [Multi Subs] [9CE5A03A].mkv,182
1782916072,,,/home/niconico/.local/share/Anki2/User 1/collection.media/rurirocks06v2_17m49s851ms_17m56s274ms.mp3,112
1782916376,15,Ruri Rocks - 07,/mnt/GAME_DISK/Animes/[Trix] Ruri Rocks S01 (WEB 1080p AV1 Opus) [Multi Subs]/[Trix] Ruri Rocks - 07 v2 (WEB 1080p AV1 Opus) [Multi Subs] [83B785D2].mkv,182
1782917770,,,/home/niconico/.local/share/Anki2/User 1/collection.media/rurirocks07v2_12m22s774ms_12m27s320ms.mp3,112
1782976864,,,/home/niconico/.local/share/Anki2/User 1/collection.media/rurirocks07v2_16m58s883ms_17m03s429ms.mp3,112
1782976988,,,/home/niconico/.local/share/Anki2/User 1/collection.media/rurirocks07v2_18m34s437ms_18m37s941ms.mp3,112
1782977234,15,Ruri Rocks - 08,/mnt/GAME_DISK/Animes/[Trix] Ruri Rocks S01 (WEB 1080p AV1 Opus) [Multi Subs]/[Trix] Ruri Rocks - 08 v2 (WEB 1080p AV1 Opus) [Multi Subs] [164B5E11].mkv,182
1782977739,,,/home/niconico/.local/share/Anki2/User 1/collection.media/rurirocks08v2_08m07s854ms_08m11s899ms.mp3,112
1782977792,,,/home/niconico/.local/share/Anki2/User 1/collection.media/rurirocks08v2_08m33s796ms_08m37s842ms.mp3,112
1782979360,15,Ruri Rocks - 09,/mnt/GAME_DISK/Animes/[Trix] Ruri Rocks S01 (WEB 1080p AV1 Opus) [Multi Subs]/[Trix] Ruri Rocks - 09 v2 (WEB 1080p AV1 Opus) [Multi Subs] [FC5F6A62].mkv,182
1782980692,,,/home/niconico/.local/share/Anki2/User 1/collection.media/rurirocks09v2_15m22s328ms_15m28s376ms.mp3,112
1782980752,,,/home/niconico/.local/share/Anki2/User 1/collection.media/rurirocks09v2_15m31s212ms_15m38s136ms.mp3,112
1782981177,15,Ruri Rocks - 10,/mnt/GAME_DISK/Animes/[Trix] Ruri Rocks S01 (WEB 1080p AV1 Opus) [Multi Subs]/[Trix] Ruri Rocks - 10 v2 (WEB 1080p AV1 Opus) [Multi Subs] [6DE1CB97].mkv,182
1782981524,,,/home/niconico/.local/share/Anki2/User 1/collection.media/rurirocks10v2_06m49s983ms_06m54s029ms.mp3,112
1782981620,,,/home/niconico/.local/share/Anki2/User 1/collection.media/rurirocks10v2_07m44s705ms_07m48s292ms.mp3,112
1782985971,15,Ruri Rocks - 11,/mnt/GAME_DISK/Animes/[Trix] Ruri Rocks S01 (WEB 1080p AV1 Opus) [Multi Subs]/[Trix] Ruri Rocks - 11 v2 (WEB 1080p AV1 Opus) [Multi Subs] [9848FC02].mkv,182
1782986817,15,Ruri Rocks - 11,/mnt/GAME_DISK/Animes/[Trix] Ruri Rocks S01 (WEB 1080p AV1 Opus) [Multi Subs]/[Trix] Ruri Rocks - 11 v2 (WEB 1080p AV1 Opus) [Multi Subs] [9848FC02].mkv,182
1782987984,15,Ruri Rocks - 12,/mnt/GAME_DISK/Animes/[Trix] Ruri Rocks S01 (WEB 1080p AV1 Opus) [Multi Subs]/[Trix] Ruri Rocks - 12 v2 (WEB 1080p AV1 Opus) [Multi Subs] [0DE10A32].mkv,182
1782989324,15,Ruri Rocks - 13,/mnt/GAME_DISK/Animes/[Trix] Ruri Rocks S01 (WEB 1080p AV1 Opus) [Multi Subs]/[Trix] Ruri Rocks - 13 v2 (WEB 1080p AV1 Opus) [Multi Subs] [A1B4384C].mkv,182
1782989369,,,/home/niconico/.local/share/Anki2/User 1/collection.media/rurirocks13v2_00m10s085ms_00m12s838ms.mp3,112
1782990746,,,/mnt/GAME_DISK/Animes/[WBDP] Tamayura (Complete) [BD][1080p-FLAC]/01 - Tamayura/[WBDP] 01 - The Town with a Lot of Things That I Love - The Tiny Light Blue Ticket [BD][1080p-FLAC] [15C2BF82].mkv,207
1782990863,,,/mnt/GAME_DISK/Animes/[Pog42] Kiniro Mosaic (BD 1080p x265 10bit Opus)/Season 1/[Pog42] Kiniro Mosaic - 01 (BD 1080p x265 Opus).mkv,144
1782991337,,,/mnt/GAME_DISK/Animes/[VCB-Studio] Gochiusa/[Airota&VCB-Studio] Gochuumon wa Usagi Desuka？？ [Ma10p_1080p]/SPs/[Airota&VCB-Studio] CHINO Birthday Party [Menu][Ma10p_1080p][x265_flac].mkv,202
1782991351,,,/mnt/GAME_DISK/Animes/[VCB-Studio] Gochiusa/[Airota&VCB-Studio] Gochuumon wa Usagi Desuka？？ [Ma10p_1080p]/SPs/[Airota&VCB-Studio] Gochuumon wa Usagi Desuka？？ [NCOP][Ma10p_1080p][x265_flac].mkv,213
1782991363,,,/mnt/GAME_DISK/Animes/[VCB-Studio] Gochiusa/[Airota&VCB-Studio] Gochuumon wa Usagi Desuka？？ [Ma10p_1080p]/SPs/[Airota&VCB-Studio] Gochuumon wa Usagi Desuka？？ [NCED][Ma10p_1080p][x265_flac].mkv,213
1782991374,,,/mnt/GAME_DISK/Animes/[VCB-Studio] Gochiusa/[Airota&VCB-Studio] Gochuumon wa Usagi Desuka？？ [Ma10p_1080p]/[Airota&VCB-Studio] Gochuumon wa Usagi Desuka？？ [01][Ma10p_1080p][x265_flac].mkv,207
1782991436,,,/mnt/GAME_DISK/Animes/[VCB-Studio] Gochiusa/[Hakugetsu&VCB-Studio] Gochuumon wa Usagi Desuka？ [Hi10p_1080p]/[Hakugetsu&VCB-Studio] Gochuumon wa Usagi Desuka？ [01][Hi10p_1080p][x264_2flac].mkv,208
1782991656,,,/home/niconico/.local/share/Anki2/User 1/collection.media/gochuumonwausagidesuka？_05m53s403ms_05m56s869ms.mp3,124
1782991867,,,/home/niconico/.local/share/Anki2/User 1/collection.media/gochuumonwausagidesuka？_06m48s138ms_06m55s194ms.mp3,124
1782991934,,,/home/niconico/.local/share/Anki2/User 1/collection.media/gochuumonwausagidesuka？_07m13s271ms_07m18s073ms.mp3,124
1782992229,,,/home/niconico/.local/share/Anki2/User 1/collection.media/gochuumonwausagidesuka？_11m13s001ms_11m15s338ms.mp3,124
1782992237,,,/home/niconico/.local/share/Anki2/User 1/collection.media/gochuumonwausagidesuka？_11m13s001ms_11m16s592ms.mp3,124
1782992568,,,/home/niconico/.local/share/Anki2/User 1/collection.media/gochuumonwausagidesuka？_13m52s927ms_13m59s273ms.mp3,124
1782992606,,,/home/niconico/.local/share/Anki2/User 1/collection.media/gochuumonwausagidesuka？_14m14s303ms_14m17s184ms.mp3,124
1782993106,,,/mnt/GAME_DISK/Animes/[VCB-Studio] Gochiusa/[Hakugetsu&VCB-Studio] Gochuumon wa Usagi Desuka？ [Hi10p_1080p]/[Hakugetsu&VCB-Studio] Gochuumon wa Usagi Desuka？ [02][Hi10p_1080p][x264_2flac].mkv,208
1782995269,,,/home/niconico/.local/share/Anki2/User 1/collection.media/gochuumonwausagidesuka？_13m58s537ms_14m05s127ms.mp3,124
1782995312,,,/home/niconico/.local/share/Anki2/User 1/collection.media/gochuumonwausagidesuka？_14m09s423ms_14m12s592ms.mp3,124
1782995320,,,/home/niconico/.local/share/Anki2/User 1/collection.media/gochuumonwausagidesuka？_14m01s998ms_14m03s792ms.mp3,124
1782995328,,,/home/niconico/.local/share/Anki2/User 1/collection.media/gochuumonwausagidesuka？_13m58s537ms_14m05s127ms.mp3,124
1782995357,,,/home/niconico/.local/share/Anki2/User 1/collection.media/gochuumonwausagidesuka？_14m09s423ms_14m12s592ms.mp3,124
1782995368,,,/home/niconico/.local/share/Anki2/User 1/collection.media/gochuumonwausagidesuka？_13m58s537ms_14m05s127ms.mp3,124
1782995388,,,/home/niconico/.local/share/Anki2/User 1/collection.media/gochuumonwausagidesuka？_14m09s423ms_14m12s592ms.mp3,124
1782995403,,,/home/niconico/.local/share/Anki2/User 1/collection.media/gochuumonwausagidesuka？_13m58s537ms_14m05s127ms.mp3,124
1782995428,,,/home/niconico/.local/share/Anki2/User 1/collection.media/gochuumonwausagidesuka？_14m09s423ms_14m12s592ms.mp3,124
1782995516,,,/home/niconico/.local/share/Anki2/User 1/collection.media/gochuumonwausagidesuka？_14m46s168ms_14m51s131ms.mp3,124
1782995738,,,/home/niconico/.local/share/Anki2/User 1/collection.media/gochuumonwausagidesuka？_16m43s368ms_16m46s288ms.mp3,124
1782995775,,,/home/niconico/.local/share/Anki2/User 1/collection.media/gochuumonwausagidesuka？_14m46s168ms_14m51s131ms.mp3,124
1782995817,,,/home/niconico/.local/share/Anki2/User 1/collection.media/gochuumonwausagidesuka？_14m46s168ms_14m51s131ms.mp3,124
1782995890,,,/home/niconico/.local/share/Anki2/User 1/collection.media/gochuumonwausagidesuka？_16m43s368ms_16m46s288ms.mp3,124
1782995898,,,/home/niconico/.local/share/Anki2/User 1/collection.media/gochuumonwausagidesuka？_16m43s368ms_16m47s247ms.mp3,124
1782995927,,,/home/niconico/.local/share/Anki2/User 1/collection.media/gochuumonwausagidesuka？_16m43s993ms_16m49s666ms.mp3,124
1782995947,,,/home/niconico/.local/share/Anki2/User 1/collection.media/gochuumonwausagidesuka？_16m43s993ms_16m47s247ms.mp3,124
1783004588,,,/mnt/GAME_DISK/Animes/[VCB-Studio] Gochiusa/[Hakugetsu&VCB-Studio] Gochuumon wa Usagi Desuka？ [Hi10p_1080p]/[Hakugetsu&VCB-Studio] Gochuumon wa Usagi Desuka？ [04][Hi10p_1080p][x264_2flac].mkv,208
1783004799,,,/mnt/GAME_DISK/Animes/[WBDP] [FFF] Is the Order a Rabbit (Complete) [BD][1080p-FLAC]/Season 1/[FFF] Gochuumon wa Usagi Desu ka - 04 [BD][1080p-FLAC][CDC41C12].mkv,175
1783004964,99,Is the Order a Rabbit?? - 01 - Incessant Smiles and Flashes. That's My Self-Proclaimed Older Sister,/mnt/GAME_DISK/Animes/[WBDP] [FFF] Is the Order a Rabbit (Complete) [BD][1080p-FLAC]/Season 2/[FFF] Gochuumon wa Usagi Desu ka S2 - 01 [BD][1080p-FLAC][52E76D1E].mkv,279
1783005068,,,/mnt/GAME_DISK/Animes/[WBDP] [FFF] Is the Order a Rabbit (Complete) [BD][1080p-FLAC]/Season 1/[FFF] Gochuumon wa Usagi Desu ka - 01 [BD][1080p-FLAC][AB048B07].mkv,175
1783005090,,,/mnt/GAME_DISK/Animes/[WBDP] [FFF] Is the Order a Rabbit (Complete) [BD][1080p-FLAC]/Season 1/[FFF] Gochuumon wa Usagi Desu ka - 04 [BD][1080p-FLAC][CDC41C12].mkv,175
1783006277,,,/mnt/GAME_DISK/Animes/[WBDP] [FFF] Is the Order a Rabbit (Complete) [BD][1080p-FLAC]/Season 1/[FFF] Gochuumon wa Usagi Desu ka - 03 [BD][1080p-FLAC][AC4EF848].mkv,175
1783007000,,,/home/niconico/.local/share/Anki2/User 1/collection.media/gochuumonwausagidesuka03_10m58s027ms_11m00s908ms.mp3,123
1783007075,,,/home/niconico/.local/share/Anki2/User 1/collection.media/gochuumonwausagidesuka03_11m45s998ms_11m51s300ms.mp3,123
1783007609,,,/home/niconico/.local/share/Anki2/User 1/collection.media/gochuumonwausagidesuka03_18m42s427ms_18m45s224ms.mp3,123
1783007678,,,/home/niconico/.local/share/Anki2/User 1/collection.media/gochuumonwausagidesuka03_19m15s576ms_19m21s296ms.mp3,123
1783007958,,,/mnt/GAME_DISK/Animes/[WBDP] [FFF] Is the Order a Rabbit (Complete) [BD][1080p-FLAC]/Season 1/[FFF] Gochuumon wa Usagi Desu ka - 04 [BD][1080p-FLAC][CDC41C12].mkv,175
1783008830,,,/home/niconico/.local/share/Anki2/User 1/collection.media/gochuumonwausagidesuka04_12m02s401ms_12m06s409ms.mp3,123
1783008889,,,/home/niconico/.local/share/Anki2/User 1/collection.media/gochuumonwausagidesuka04_12m24s110ms_12m26s824ms.mp3,123
1783009601,,,/home/niconico/.local/share/Anki2/User 1/collection.media/gochuumonwausagidesuka04_20m38s097ms_20m43s358ms.mp3,123
1783009872,,,/mnt/GAME_DISK/Animes/[WBDP] [FFF] Is the Order a Rabbit (Complete) [BD][1080p-FLAC]/Season 1/[FFF] Gochuumon wa Usagi Desu ka - 05 [BD][1080p-FLAC][119FD3CD].mkv,175
1783010979,,,/home/niconico/.local/share/Anki2/User 1/collection.media/gochuumonwausagidesuka05_19m17s928ms_19m22s478ms.mp3,123
1783050268,,,/mnt/GAME_DISK/Animes/[WBDP] [FFF] Is the Order a Rabbit (Complete) [BD][1080p-FLAC]/Season 1/[FFF] Gochuumon wa Usagi Desu ka - 06 [BD][1080p-FLAC][40F1BE95].mkv,175
1783054134,,,/home/niconico/.local/share/Anki2/User 1/collection.media/gochuumonwausagidesuka06_03m48s846ms_03m51s810ms.mp3,123
1783054283,,,/home/niconico/.local/share/Anki2/User 1/collection.media/gochuumonwausagidesuka06_03m48s846ms_03m51s810ms.mp3,123
1783054415,,,/home/niconico/.local/share/Anki2/User 1/collection.media/gochuumonwausagidesuka06_04m01s495ms_04m06s714ms.mp3,123
1783055757,,,/home/niconico/.local/share/Anki2/User 1/collection.media/gochuumonwausagidesuka06_20m03s422ms_20m09s267ms.mp3,123
1783055934,,,/mnt/GAME_DISK/Animes/[WBDP] [FFF] Is the Order a Rabbit (Complete) [BD][1080p-FLAC]/Season 1/[FFF] Gochuumon wa Usagi Desu ka - 07 [BD][1080p-FLAC][E0B364A9].mkv,175
1783056225,,,/home/niconico/.local/share/Anki2/User 1/collection.media/gochuumonwausagidesuka07_02m46s939ms_02m52s658ms.mp3,123
1783056269,,,/home/niconico/.local/share/Anki2/User 1/collection.media/gochuumonwausagidesuka07_02m46s939ms_02m52s658ms.mp3,123
1783061550,,,/mnt/GAME_DISK/Animes/[WBDP] [FFF] Is the Order a Rabbit (Complete) [BD][1080p-FLAC]/Season 1/[FFF] Gochuumon wa Usagi Desu ka - 08 [BD][1080p-FLAC][3E1AD3B0].mkv,175
1783064710,,,/home/niconico/.local/share/Anki2/User 1/collection.media/gochuumonwausagidesuka08_03m15s164ms_03m22s095ms.mp3,123
1783064910,,,/home/niconico/.local/share/Anki2/User 1/collection.media/gochuumonwausagidesuka08_05m48s513ms_05m51s686ms.mp3,123
1783066073,,,/mnt/GAME_DISK/Animes/[WBDP] [FFF] Is the Order a Rabbit (Complete) [BD][1080p-FLAC]/Season 1/[FFF] Gochuumon wa Usagi Desu ka - 09 [BD][1080p-FLAC][635387D7].mkv,175
1783067437,,,/mnt/GAME_DISK/Animes/[WBDP] [FFF] Is the Order a Rabbit (Complete) [BD][1080p-FLAC]/Season 1/[FFF] Gochuumon wa Usagi Desu ka - 10 [BD][1080p-FLAC][69DCB4F5].mkv,175
1783083807,,,/home/niconico/.local/share/Anki2/User 1/collection.media/gochuumonwausagidesuka10_03m38s508ms_03m42s849ms.mp3,123
1783084685,,,/home/niconico/.local/share/Anki2/User 1/collection.media/gochuumonwausagidesuka10_03m38s508ms_03m42s849ms.mp3,123
1783085358,,,/home/niconico/.local/share/Anki2/User 1/collection.media/gochuumonwausagidesuka10_04m57s791ms_05m01s507ms.mp3,123
1783086559,,,/home/niconico/.local/share/Anki2/User 1/collection.media/gochuumonwausagidesuka10_10m31s040ms_10m33s211ms.mp3,123
1783086664,,,/home/niconico/.local/share/Anki2/User 1/collection.media/gochuumonwausagidesuka10_11m46s190ms_11m54s164ms.mp3,123
1783086846,,,/home/niconico/.local/share/Anki2/User 1/collection.media/gochuumonwausagidesuka10_14m11s397ms_14m15s280ms.mp3,123
1783086894,,,/home/niconico/.local/share/Anki2/User 1/collection.media/gochuumonwausagidesuka10_14m11s997ms_14m20s707ms.mp3,123
1783086911,,,/home/niconico/.local/share/Anki2/User 1/collection.media/gochuumonwausagidesuka10_14m11s897ms_14m20s707ms.mp3,123
1783086924,,,/home/niconico/.local/share/Anki2/User 1/collection.media/gochuumonwausagidesuka10_14m11s697ms_14m20s707ms.mp3,123
1783086944,,,/home/niconico/.local/share/Anki2/User 1/collection.media/gochuumonwausagidesuka10_14m11s697ms_14m20s707ms.mp3,123
1783086959,,,/home/niconico/.local/share/Anki2/User 1/collection.media/gochuumonwausagidesuka10_14m06s812ms_14m20s707ms.mp3,123
1783086975,,,/home/niconico/.local/share/Anki2/User 1/collection.media/gochuumonwausagidesuka10_14m06s812ms_14m15s280ms.mp3,123
1783087021,,,/home/niconico/.local/share/Anki2/User 1/collection.media/gochuumonwausagidesuka10_14m02s519ms_14m11s272ms.mp3,123
1783087036,,,/home/niconico/.local/share/Anki2/User 1/collection.media/gochuumonwausagidesuka10_14m11s997ms_14m20s707ms.mp3,123
1783087130,,,/home/niconico/.local/share/Anki2/User 1/collection.media/gochuumonwausagidesuka10_14m12s406ms_14m20s707ms.mp3,123
1783088083,,,/home/niconico/.local/share/Anki2/User 1/collection.media/gochuumonwausagidesuka10_17m14s478ms_17m19s864ms.mp3,123
1783088438,,,/mnt/GAME_DISK/Animes/[WBDP] [FFF] Is the Order a Rabbit (Complete) [BD][1080p-FLAC]/Season 1/[FFF] Gochuumon wa Usagi Desu ka - 11 [BD][1080p-FLAC][583CE6B4].mkv,175
1783088756,,,/home/niconico/.local/share/Anki2/User 1/collection.media/gochuumonwausagidesuka11_01m11s185ms_01m15s318ms.mp3,123
1783089071,,,/home/niconico/.local/share/Anki2/User 1/collection.media/gochuumonwausagidesuka11_04m26s040ms_04m32s469ms.mp3,123
1783089136,,,/home/niconico/.local/share/Anki2/User 1/collection.media/gochuumonwausagidesuka11_04m26s040ms_04m32s469ms.mp3,123
1783089806,,,/home/niconico/.local/share/Anki2/User 1/collection.media/gochuumonwausagidesuka11_07m16s004ms_07m20s096ms.mp3,123
1783090001,,,/home/niconico/.local/share/Anki2/User 1/collection.media/gochuumonwausagidesuka11_09m32s026ms_09m41s670ms.mp3,123
1783090092,,,/home/niconico/.local/share/Anki2/User 1/collection.media/gochuumonwausagidesuka11_10m32s066ms_10m35s490ms.mp3,123
1783090127,,,/home/niconico/.local/share/Anki2/User 1/collection.media/gochuumonwausagidesuka11_10m45s677ms_10m53s275ms.mp3,123
1783090476,,,/home/niconico/.local/share/Anki2/User 1/collection.media/gochuumonwausagidesuka11_12m15s732ms_12m17s569ms.mp3,123
1783090564,,,/home/niconico/.local/share/Anki2/User 1/collection.media/gochuumonwausagidesuka11_12m55s561ms_13m00s195ms.mp3,123
1783090783,,,/home/niconico/.local/share/Anki2/User 1/collection.media/gochuumonwausagidesuka11_14m54s048ms_14m58s348ms.mp3,123
1783090803,,,/home/niconico/.local/share/Anki2/User 1/collection.media/gochuumonwausagidesuka11_14m50s332ms_14m58s348ms.mp3,123
1783091547,,,/mnt/GAME_DISK/Animes/[WBDP] [FFF] Is the Order a Rabbit (Complete) [BD][1080p-FLAC]/Season 1/[FFF] Gochuumon wa Usagi Desu ka - 12 [BD][1080p-FLAC][5E9D8000].mkv,175
1783091801,,,/home/niconico/.local/share/Anki2/User 1/collection.media/gochuumonwausagidesuka12_02m10s913ms_02m13s752ms.mp3,123
1783092129,,,/home/niconico/.local/share/Anki2/User 1/collection.media/gochuumonwausagidesuka12_02m50s994ms_02m54s125ms.mp3,123
1783092136,,,/home/niconico/.local/share/Anki2/User 1/collection.media/gochuumonwausagidesuka12_02m50s994ms_02m55s544ms.mp3,123
1783092158,,,/home/niconico/.local/share/Anki2/User 1/collection.media/gochuumonwausagidesuka12_02m08s242ms_02m13s752ms.mp3,123
1783092247,,,/home/niconico/.local/share/Anki2/User 1/collection.media/gochuumonwausagidesuka12_02m50s994ms_02m54s125ms.mp3,123
1783092771,,,/home/niconico/.local/share/Anki2/User 1/collection.media/gochuumonwausagidesuka12_02m50s994ms_02m55s544ms.mp3,123
1783096502,,,/home/niconico/.local/share/Anki2/User 1/collection.media/gochuumonwausagidesuka12_03m22s932ms_03m27s358ms.mp3,123
1783096630,,,/home/niconico/.local/share/Anki2/User 1/collection.media/gochuumonwausagidesuka12_05m56s798ms_06m01s014ms.mp3,123
1783096790,,,/home/niconico/.local/share/Anki2/User 1/collection.media/gochuumonwausagidesuka12_06m01s181ms_06m08s028ms.mp3,123
1783097278,,,/home/niconico/.local/share/Anki2/User 1/collection.media/gochuumonwausagidesuka12_10m51s678ms_10m55s979ms.mp3,123
1783097288,,,/home/niconico/.local/share/Anki2/User 1/collection.media/gochuumonwausagidesuka12_10m51s578ms_10m55s979ms.mp3,123
1783097295,,,/home/niconico/.local/share/Anki2/User 1/collection.media/gochuumonwausagidesuka12_10m51s378ms_10m55s979ms.mp3,123
1783097309,,,/home/niconico/.local/share/Anki2/User 1/collection.media/gochuumonwausagidesuka12_10m51s278ms_10m55s979ms.mp3,123
1783097464,,,/home/niconico/.local/share/Anki2/User 1/collection.media/gochuumonwausagidesuka12_12m44s489ms_12m47s997ms.mp3,123
1783097548,,,/home/niconico/.local/share/Anki2/User 1/collection.media/gochuumonwausagidesuka12_12m57s140ms_13m02s567ms.mp3,123
1783100666,,,/home/niconico/.local/share/Anki2/User 1/collection.media/gochuumonwausagidesuka12_02m07s842ms_02m13s352ms.mp3,123
1783152233,,,/mnt/GAME_DISK/Animes/[Pog42] Kiniro Mosaic (BD 1080p x265 10bit Opus)/Season 1/[Pog42] Kiniro Mosaic - 01 (BD 1080p x265 Opus).mkv,144
1783153665,,,/mnt/GAME_DISK/Animes/[Pog42] Kiniro Mosaic (BD 1080p x265 10bit Opus)/Season 1/[Pog42] Kiniro Mosaic - 02 (BD 1080p x265 Opus).mkv,144
1783155010,,,/mnt/GAME_DISK/Animes/[Pog42] Kiniro Mosaic (BD 1080p x265 10bit Opus)/Season 1/[Pog42] Kiniro Mosaic - 03 (BD 1080p x265 Opus).mkv,144
1783180252,,,/home/niconico/Videos/IMG_6074.MOV,47
1783181766,15,Gate of Dreams!,/mnt/GAME_DISK/Animes/Uma Musume Pretty Derby/Season 1/[Sav1or] Uma Musume Pretty Derby - S01E01 - Gate of Dreams! [BD][1080p][AV1][OPUS].mkv,171
1783185067,15,Gate of Dreams!,/mnt/GAME_DISK/Animes/Uma Musume Pretty Derby/Season 1/[Sav1or] Uma Musume Pretty Derby - S01E01 - Gate of Dreams! [BD][1080p][AV1][OPUS].mkv,171
1783185081,15,Gate of Dreams!,/mnt/GAME_DISK/Animes/Uma Musume Pretty Derby/Season 1/[Sav1or] Uma Musume Pretty Derby - S01E01 - Gate of Dreams! [BD][1080p][AV1][OPUS].mkv,171
1783185128,,,/home/niconico/.local/share/Anki2/User 1/collection.media/umamusumeprettyderbys01e01gateofdreams_12m28s514ms_12m33s019ms.mp3,137
1783185161,99,Is the Order a Rabbit?? - 01 - Incessant Smiles and Flashes. That's My Self-Proclaimed Older Sister,/mnt/GAME_DISK/Animes/[WBDP] [FFF] Is the Order a Rabbit (Complete) [BD][1080p-FLAC]/Season 2/[FFF] Gochuumon wa Usagi Desu ka S2 - 01 [BD][1080p-FLAC][52E76D1E].mkv,279
1783185197,99,Is the Order a Rabbit?? - 01 - Incessant Smiles and Flashes. That's My Self-Proclaimed Older Sister,/mnt/GAME_DISK/Animes/[WBDP] [FFF] Is the Order a Rabbit (Complete) [BD][1080p-FLAC]/Season 2/[FFF] Gochuumon wa Usagi Desu ka S2 - 01 [BD][1080p-FLAC][52E76D1E].mkv,279
1783185417,,,/home/niconico/.local/share/Anki2/User 1/collection.media/gochuumonwausagidesukas201_04m13s109ms_04m16s019ms.mp3,125
1783185542,,,/home/niconico/.local/share/Anki2/User 1/collection.media/gochuumonwausagidesukas201_04m31s299ms_04m34s559ms.mp3,125
1783185628,,,/home/niconico/.local/share/Anki2/User 1/collection.media/gochuumonwausagidesukas201_05m36s719ms_05m43s029ms.mp3,125
1783185865,,,/home/niconico/.local/share/Anki2/User 1/collection.media/gochuumonwausagidesukas201_08m21s379ms_08m25s199ms.mp3,125
1783185899,,,/home/niconico/.local/share/Anki2/User 1/collection.media/gochuumonwausagidesukas201_05m36s719ms_05m43s029ms.mp3,125
1783185932,,,/home/niconico/.local/share/Anki2/User 1/collection.media/gochuumonwausagidesukas201_08m21s379ms_08m25s199ms.mp3,125
1783185964,,,/home/niconico/.local/share/Anki2/User 1/collection.media/gochuumonwausagidesukas201_08m27s509ms_08m30s659ms.mp3,125
1783186021,,,/home/niconico/.local/share/Anki2/User 1/collection.media/gochuumonwausagidesukas201_08m52s789ms_08m55s509ms.mp3,125
1783186030,,,/home/niconico/.local/share/Anki2/User 1/collection.media/gochuumonwausagidesukas201_08m49s749ms_08m55s509ms.mp3,125
1783186169,,,/home/niconico/.local/share/Anki2/User 1/collection.media/gochuumonwausagidesukas201_10m37s169ms_10m40s739ms.mp3,125
1783186229,,,/home/niconico/.local/share/Anki2/User 1/collection.media/gochuumonwausagidesukas201_11m20s719ms_11m25s139ms.mp3,125
1783186287,,,/home/niconico/.local/share/Anki2/User 1/collection.media/gochuumonwausagidesukas201_11m57s219ms_12m01s519ms.mp3,125
1783186554,,,/home/niconico/.local/share/Anki2/User 1/collection.media/gochuumonwausagidesukas201_15m59s039ms_16m03s249ms.mp3,125
1783186639,,,/home/niconico/.local/share/Anki2/User 1/collection.media/gochuumonwausagidesukas201_16m16s129ms_16m19s569ms.mp3,125
1783186659,,,/home/niconico/.local/share/Anki2/User 1/collection.media/gochuumonwausagidesukas201_16m16s329ms_16m22s949ms.mp3,125
1783186669,,,/home/niconico/.local/share/Anki2/User 1/collection.media/gochuumonwausagidesukas201_16m16s329ms_16m22s949ms.mp3,125
1783186678,,,/home/niconico/.local/share/Anki2/User 1/collection.media/gochuumonwausagidesukas201_16m16s229ms_16m22s949ms.mp3,125
1783186729,,,/home/niconico/.local/share/Anki2/User 1/collection.media/gochuumonwausagidesukas201_16m16s029ms_16m19s569ms.mp3,125
1783186748,,,/home/niconico/.local/share/Anki2/User 1/collection.media/gochuumonwausagidesukas201_16m16s129ms_16m19s569ms.mp3,125
1783186784,,,/home/niconico/.local/share/Anki2/User 1/collection.media/gochuumonwausagidesukas201_16m19s569ms_16m22s949ms.mp3,125
1783186820,,,/home/niconico/.local/share/Anki2/User 1/collection.media/gochuumonwausagidesukas201_16m34s789ms_16m39s439ms.mp3,125
1783186902,,,/home/niconico/.local/share/Anki2/User 1/collection.media/gochuumonwausagidesukas201_17m30s099ms_17m33s199ms.mp3,125
1783186962,,,/home/niconico/.local/share/Anki2/User 1/collection.media/gochuumonwausagidesukas201_18m01s079ms_18m05s059ms.mp3,125
1783187118,,,/home/niconico/.local/share/Anki2/User 1/collection.media/gochuumonwausagidesukas201_19m47s249ms_19m53s089ms.mp3,125
1783187350,71,Is the Order a Rabbit?? - 02 - A Cinder-Colored Rabbit and a Cinderella,/mnt/GAME_DISK/Animes/[WBDP] [FFF] Is the Order a Rabbit (Complete) [BD][1080p-FLAC]/Season 2/[FFF] Gochuumon wa Usagi Desu ka S2 - 02 [BD][1080p-FLAC][79200A0C].mkv,251
1783187451,,,/home/niconico/.local/share/Anki2/User 1/collection.media/gochuumonwausagidesukas202_00m06s399ms_00m10s399ms.mp3,125
1783187583,,,/home/niconico/.local/share/Anki2/User 1/collection.media/gochuumonwausagidesukas202_01m05s079ms_01m07s919ms.mp3,125
1783187760,,,/home/niconico/.local/share/Anki2/User 1/collection.media/gochuumonwausagidesukas202_04m58s639ms_05m00s999ms.mp3,125
1783187780,,,/home/niconico/.local/share/Anki2/User 1/collection.media/gochuumonwausagidesukas202_04m58s739ms_05m01s099ms.mp3,125
1783187847,,,/home/niconico/.local/share/Anki2/User 1/collection.media/gochuumonwausagidesukas202_05m33s879ms_05m37s429ms.mp3,125
1783188916,71,Is the Order a Rabbit?? - 03 - The Spinning Dance Legend Duckling Squad,/mnt/GAME_DISK/Animes/[WBDP] [FFF] Is the Order a Rabbit (Complete) [BD][1080p-FLAC]/Season 2/[FFF] Gochuumon wa Usagi Desu ka S2 - 03 [BD][1080p-FLAC][07AF69BC].mkv,251
1783222369,,,/home/niconico/Videos/IMG_6074.MOV,47
1783222493,,,/home/niconico/Videos/IMG_6074.MOV,47
1783224840,71,Is the Order a Rabbit?? - 02 - A Cinder-Colored Rabbit and a Cinderella,/mnt/GAME_DISK/Animes/[WBDP] [FFF] Is the Order a Rabbit (Complete) [BD][1080p-FLAC]/Season 2/[FFF] Gochuumon wa Usagi Desu ka S2 - 02 [BD][1080p-FLAC][79200A0C].mkv,251
1783224859,71,Is the Order a Rabbit?? - 03 - The Spinning Dance Legend Duckling Squad,/mnt/GAME_DISK/Animes/[WBDP] [FFF] Is the Order a Rabbit (Complete) [BD][1080p-FLAC]/Season 2/[FFF] Gochuumon wa Usagi Desu ka S2 - 03 [BD][1080p-FLAC][07AF69BC].mkv,251
1783231905,,,/home/niconico/.local/share/Anki2/User 1/collection.media/gochuumonwausagidesukas203_00m43s855ms_00m46s385ms.mp3,125
1783231925,,,/home/niconico/.local/share/Anki2/User 1/collection.media/gochuumonwausagidesukas203_00m44s055ms_00m46s585ms.mp3,125
1783231933,,,/home/niconico/.local/share/Anki2/User 1/collection.media/gochuumonwausagidesukas203_00m43s955ms_00m46s485ms.mp3,125
1783231945,,,/home/niconico/.local/share/Anki2/User 1/collection.media/gochuumonwausagidesukas203_00m44s255ms_00m46s785ms.mp3,125
1783232745,,,/home/niconico/.local/share/Anki2/User 1/collection.media/gochuumonwausagidesukas203_08m12s995ms_08m19s745ms.mp3,125
1783232775,,,/home/niconico/.local/share/Anki2/User 1/collection.media/gochuumonwausagidesukas203_08m13s195ms_08m21s655ms.mp3,125
1783232807,,,/home/niconico/.local/share/Anki2/User 1/collection.media/gochuumonwausagidesukas203_08m13s095ms_08m21s655ms.mp3,125
1783232829,,,/home/niconico/.local/share/Anki2/User 1/collection.media/gochuumonwausagidesukas203_08m12s895ms_08m19s745ms.mp3,125
1783232952,,,/home/niconico/.local/share/Anki2/User 1/collection.media/gochuumonwausagidesukas203_08m53s575ms_09m00s815ms.mp3,125
1783232966,,,/home/niconico/.local/share/Anki2/User 1/collection.media/gochuumonwausagidesukas203_08m53s575ms_09m00s815ms.mp3,125
1783232978,,,/home/niconico/.local/share/Anki2/User 1/collection.media/gochuumonwausagidesukas203_08m53s375ms_08m56s475ms.mp3,125
1783232986,,,/home/niconico/.local/share/Anki2/User 1/collection.media/gochuumonwausagidesukas203_08m53s475ms_09m00s815ms.mp3,125
1783233011,,,/home/niconico/.local/share/Anki2/User 1/collection.media/gochuumonwausagidesukas203_08m53s680ms_08m57s226ms.mp3,125
1783233102,,,/home/niconico/.local/share/Anki2/User 1/collection.media/gochuumonwausagidesukas203_09m57s119ms_10m05s294ms.mp3,125
1783233173,,,/home/niconico/.local/share/Anki2/User 1/collection.media/gochuumonwausagidesukas203_10m27s983ms_10m31s403ms.mp3,125
1783233279,,,/home/niconico/.local/share/Anki2/User 1/collection.media/gochuumonwausagidesukas203_11m11s944ms_11m15s739ms.mp3,125
1783234761,72,Is the Order a Rabbit?? - 04 - Cocoa-senpai's Elegant Tea Party Tutorial,/mnt/GAME_DISK/Animes/[WBDP] [FFF] Is the Order a Rabbit (Complete) [BD][1080p-FLAC]/Season 2/[FFF] Gochuumon wa Usagi Desu ka S2 - 04 [BD][1080p-FLAC][D34F1329].mkv,252
1783235371,,,/home/niconico/.local/share/Anki2/User 1/collection.media/gochuumonwausagidesukas204_03m34s445ms_03m37s281ms.mp3,125
1783235606,,,/home/niconico/.local/share/Anki2/User 1/collection.media/gochuumonwausagidesukas204_06m34s291ms_06m38s087ms.mp3,125
1783235719,,,/home/niconico/.local/share/Anki2/User 1/collection.media/gochuumonwausagidesukas204_07m43s152ms_07m46s613ms.mp3,125
1783236204,,,/home/niconico/.local/share/Anki2/User 1/collection.media/gochuumonwausagidesukas204_14m37s232ms_14m46s450ms.mp3,125
1783236732,83,Is the Order a Rabbit?? - 05 - With a Bite, I Could Discern It was Commonly Springy,/mnt/GAME_DISK/Animes/[WBDP] [FFF] Is the Order a Rabbit (Complete) [BD][1080p-FLAC]/Season 2/[FFF] Gochuumon wa Usagi Desu ka S2 - 05 [BD][1080p-FLAC][275F55C0].mkv,263
1783236970,,,/home/niconico/.local/share/Anki2/User 1/collection.media/gochuumonwausagidesukas205_04m46s058ms_04m51s063ms.mp3,125
1783237440,,,/home/niconico/.local/share/Anki2/User 1/collection.media/gochuumonwausagidesukas205_11m50s023ms_11m54s569ms.mp3,125
1783237572,,,/home/niconico/.local/share/Anki2/User 1/collection.media/gochuumonwausagidesukas205_13m13s940ms_13m16s735ms.mp3,125
1783237600,,,/home/niconico/.local/share/Anki2/User 1/collection.media/gochuumonwausagidesukas205_13m27s496ms_13m31s166ms.mp3,125
1783237823,,,/home/niconico/.local/share/Anki2/User 1/collection.media/gochuumonwausagidesukas205_15m19s399ms_15m23s236ms.mp3,125
1783238285,,,/home/niconico/.local/share/Anki2/User 1/collection.media/gochuumonwausagidesukas205_17m57s015ms_18m00s101ms.mp3,125
1783247319,82,Is the Order a Rabbit?? - 06 - Mission to the Town of Timber-Frame Houses Complete,/mnt/GAME_DISK/Animes/[WBDP] [FFF] Is the Order a Rabbit (Complete) [BD][1080p-FLAC]/Season 2/[FFF] Gochuumon wa Usagi Desu ka S2 - 06 [BD][1080p-FLAC][14CB8A4E].mkv,262
1783248211,,,/home/niconico/.local/share/Anki2/User 1/collection.media/gochuumonwausagidesukas206_07m20s421ms_07m24s258ms.mp3,125
1783248308,,,/home/niconico/.local/share/Anki2/User 1/collection.media/gochuumonwausagidesukas206_08m15s142ms_08m22s149ms.mp3,125
1783248717,,,/home/niconico/.local/share/Anki2/User 1/collection.media/gochuumonwausagidesukas206_13m52s813ms_13m57s109ms.mp3,125
1783251847,,,/mnt/GAME_DISK/Animes/[WBDP] [FFF] Is the Order a Rabbit (Complete) [BD][1080p-FLAC]/Season 2/[FFF] Gochuumon wa Usagi Desu ka S2 - 07 [BD][1080p-FLAC][C5560529].mkv,178
1783252425,,,/home/niconico/.local/share/Anki2/User 1/collection.media/gochuumonwausagidesukas207_03m14s447ms_03m17s200ms.mp3,125
1783252595,,,/home/niconico/.local/share/Anki2/User 1/collection.media/gochuumonwausagidesukas207_04m46s289ms_04m49s292ms.mp3,125
1783255027,,,/home/niconico/.local/share/Anki2/User 1/collection.media/gochuumonwausagidesukas207_10m40s684ms_10m44s438ms.mp3,125
1783264274,,,/home/niconico/.local/share/Anki2/User 1/collection.media/gochuumonwausagidesukas207_14m53s937ms_14m59s485ms.mp3,125
1783264407,,,/home/niconico/.local/share/Anki2/User 1/collection.media/gochuumonwausagidesukas207_16m29s783ms_16m33s579ms.mp3,125
1783264551,,,/home/niconico/.local/share/Anki2/User 1/collection.media/gochuumonwausagidesukas207_17m49s696ms_17m53s116ms.mp3,125
1783264641,,,/home/niconico/.local/share/Anki2/User 1/collection.media/gochuumonwausagidesukas207_18m27s025ms_18m30s362ms.mp3,125
1783266050,,,/home/niconico/.local/share/Anki2/User 1/collection.media/gochuumonwausagidesukas207_19m01s309ms_19m10s777ms.mp3,125
1783266269,,,/home/niconico/.local/share/Anki2/User 1/collection.media/gochuumonwausagidesukas207_23m30s203ms_23m33s081ms.mp3,125
1783266277,,,/mnt/GAME_DISK/Animes/[WBDP] [FFF] Is the Order a Rabbit (Complete) [BD][1080p-FLAC]/Season 2/[FFF] Gochuumon wa Usagi Desu ka S2 - 08 [BD][1080p-FLAC][9A04B2CB].mkv,178
1783266453,,,/home/niconico/.local/share/Anki2/User 1/collection.media/gochuumonwausagidesukas208_02m53s121ms_02m56s541ms.mp3,125
1783266569,,,/home/niconico/.local/share/Anki2/User 1/collection.media/gochuumonwausagidesukas208_04m04s275ms_04m09s989ms.mp3,125
1783267733,,,/home/niconico/.local/share/Anki2/User 1/collection.media/gochuumonwausagidesukas208_15m53s776ms_15m59s865ms.mp3,125
1783267809,,,/home/niconico/.local/share/Anki2/User 1/collection.media/gochuumonwausagidesukas208_16m08s332ms_16m14s088ms.mp3,125
1783267968,,,/home/niconico/.local/share/Anki2/User 1/collection.media/gochuumonwausagidesukas208_16m58s006ms_17m04s596ms.mp3,125
1783268138,,,/home/niconico/.local/share/Anki2/User 1/collection.media/gochuumonwausagidesukas208_19m04s174ms_19m07s928ms.mp3,125
1783268344,,,/mnt/GAME_DISK/Animes/[WBDP] [FFF] Is the Order a Rabbit (Complete) [BD][1080p-FLAC]/Season 2/[FFF] Gochuumon wa Usagi Desu ka S2 - 09 [BD][1080p-FLAC][80A3C5B2].mkv,178
1783268422,,,/home/niconico/.local/share/Anki2/User 1/collection.media/gochuumonwausagidesukas209_00m29s936ms_00m34s857ms.mp3,125
1783268437,,,/home/niconico/.local/share/Anki2/User 1/collection.media/gochuumonwausagidesukas209_00m30s036ms_00m34s857ms.mp3,125
1783268447,,,/home/niconico/.local/share/Anki2/User 1/collection.media/gochuumonwausagidesukas209_00m29s836ms_00m34s857ms.mp3,125
1783268571,,,/home/niconico/.local/share/Anki2/User 1/collection.media/gochuumonwausagidesukas209_03m06s742ms_03m10s079ms.mp3,125
1783268805,,,/home/niconico/.local/share/Anki2/User 1/collection.media/gochuumonwausagidesukas209_06m35s117ms_06m39s830ms.mp3,125
1783268936,,,/home/niconico/.local/share/Anki2/User 1/collection.media/gochuumonwausagidesukas209_07m32s967ms_07m36s929ms.mp3,125
1783269220,,,/home/niconico/.local/share/Anki2/User 1/collection.media/gochuumonwausagidesukas209_11m47s596ms_11m52s309ms.mp3,125
1783269340,,,/home/niconico/.local/share/Anki2/User 1/collection.media/gochuumonwausagidesukas209_13m20s230ms_13m22s983ms.mp3,125
1783269464,,,/home/niconico/.local/share/Anki2/User 1/collection.media/gochuumonwausagidesukas209_14m33s637ms_14m39s184ms.mp3,125
1783269690,,,/mnt/GAME_DISK/Animes/[WBDP] [FFF] Is the Order a Rabbit (Complete) [BD][1080p-FLAC]/Season 2/[FFF] Gochuumon wa Usagi Desu ka S2 - 08 [BD][1080p-FLAC][9A04B2CB].mkv,178
1783269697,,,/mnt/GAME_DISK/Animes/[WBDP] [FFF] Is the Order a Rabbit (Complete) [BD][1080p-FLAC]/Season 2/[FFF] Gochuumon wa Usagi Desu ka S2 - 07 [BD][1080p-FLAC][C5560529].mkv,178
1783269858,,,/home/niconico/.local/share/Anki2/User 1/collection.media/gochuumonwausagidesukas207_11m16s426ms_11m20s347ms.mp3,125
1783269886,,,/home/niconico/.local/share/Anki2/User 1/collection.media/gochuumonwausagidesukas207_11m16s426ms_11m20s347ms.mp3,125
1783269909,,,/home/niconico/.local/share/Anki2/User 1/collection.media/gochuumonwausagidesukas207_11m16s426ms_11m20s347ms.mp3,125
1783269926,,,/home/niconico/.local/share/Anki2/User 1/collection.media/gochuumonwausagidesukas207_11m16s426ms_11m20s347ms.mp3,125
1783269975,,,/home/niconico/.local/share/Anki2/User 1/collection.media/gochuumonwausagidesukas207_11m16s426ms_11m20s347ms.mp3,125
1783270181,,,/home/niconico/.local/share/Anki2/User 1/collection.media/gochuumonwausagidesukas209_14m33s637ms_14m39s184ms.mp3,125
1783306414,,,/mnt/GAME_DISK/Animes/[WBDP] [FFF] Is the Order a Rabbit (Complete) [BD][1080p-FLAC]/Season 2/[FFF] Gochuumon wa Usagi Desu ka S2 - 08 [BD][1080p-FLAC][9A04B2CB].mkv,178
1783306500,,,/mnt/GAME_DISK/Animes/[WBDP] [FFF] Is the Order a Rabbit (Complete) [BD][1080p-FLAC]/Season 2/[FFF] Gochuumon wa Usagi Desu ka S2 - 09 [BD][1080p-FLAC][80A3C5B2].mkv,178
1783306543,,,/mnt/GAME_DISK/Animes/[WBDP] [FFF] Is the Order a Rabbit (Complete) [BD][1080p-FLAC]/Season 2/[FFF] Gochuumon wa Usagi Desu ka S2 - 10 [BD][1080p-FLAC][E4E9FE5F].mkv,178
1783306963,,,/home/niconico/.local/share/Anki2/User 1/collection.media/gochuumonwausagidesukas210_06m22s755ms_06m27s134ms.mp3,125
1783306972,,,/home/niconico/.local/share/Anki2/User 1/collection.media/gochuumonwausagidesukas210_06m17s583ms_06m27s134ms.mp3,125
1783307056,,,/home/niconico/.local/share/Anki2/User 1/collection.media/gochuumonwausagidesukas210_06m28s135ms_06m33s849ms.mp3,125
1783307407,,,/home/niconico/.local/share/Anki2/User 1/collection.media/gochuumonwausagidesukas210_07m53s846ms_08m04s732ms.mp3,125
1783308247,,,/home/niconico/.local/share/Anki2/User 1/collection.media/gochuumonwausagidesukas210_20m40s195ms_20m43s782ms.mp3,125
1783308344,,,/mnt/GAME_DISK/Animes/[WBDP] [FFF] Is the Order a Rabbit (Complete) [BD][1080p-FLAC]/Season 2/[FFF] Gochuumon wa Usagi Desu ka S2 - 11 [BD][1080p-FLAC][7BA050D2].mkv,178
1783308780,,,/home/niconico/.local/share/Anki2/User 1/collection.media/gochuumonwausagidesukas211_07m59s977ms_08m06s775ms.mp3,125
1783309181,,,/home/niconico/.local/share/Anki2/User 1/collection.media/gochuumonwausagidesukas211_14m11s431ms_14m13s559ms.mp3,125
1783309549,,,/home/niconico/.local/share/Anki2/User 1/collection.media/gochuumonwausagidesukas211_19m05s642ms_19m13s441ms.mp3,125
1783309991,,,/mnt/GAME_DISK/Animes/[WBDP] [FFF] Is the Order a Rabbit (Complete) [BD][1080p-FLAC]/Season 2/[FFF] Gochuumon wa Usagi Desu ka S2 - 12 [BD][1080p-FLAC][A5C95473].mkv,178
1783311348,,,/mnt/GAME_DISK/Animes/[WBDP] [FFF] Is the Order a Rabbit (Complete) [BD][1080p-FLAC]/Season 2/[WBDP] S2 - 13 - Dear My Sister [BD][1080p-FLAC] [B7CDB557].mkv,170
1783311543,,,/mnt/GAME_DISK/Animes/[WBDP] [FFF] Is the Order a Rabbit (Complete) [BD][1080p-FLAC]/Season 3/[WBDP] S3 - 01 - The Magician at the Cafe of Smiles [BD][1080p-FLAC] [BE902ADE].mkv,190
1783312019,,,/home/niconico/.local/share/Anki2/User 1/collection.media/s301themagicianatthecafeofsmiles_07m17s350ms_07m19s370ms.mp3,131
1783312321,,,/home/niconico/.local/share/Anki2/User 1/collection.media/s301themagicianatthecafeofsmiles_09m31s160ms_09m35s270ms.mp3,131
1783312554,,,/home/niconico/.local/share/Anki2/User 1/collection.media/s301themagicianatthecafeofsmiles_12m30s630ms_12m34s360ms.mp3,131
1783312600,,,/home/niconico/.local/share/Anki2/User 1/collection.media/s301themagicianatthecafeofsmiles_12m52s250ms_12m56s620ms.mp3,131
1783312709,,,/home/niconico/.local/share/Anki2/User 1/collection.media/s301themagicianatthecafeofsmiles_14m08s730ms_14m11s930ms.mp3,131
1783313329,,,/mnt/GAME_DISK/Animes/[WBDP] [FFF] Is the Order a Rabbit (Complete) [BD][1080p-FLAC]/Season 3/[WBDP] S3 - 02 - The Case of the Childhood Friend's Stolen Heart [BD][1080p-FLAC] [A8F08E58].mkv,203
1783313507,,,/home/niconico/.local/share/Anki2/User 1/collection.media/s302thecaseofthechildhoodfriendsstolenheart_04m03s590ms_04m08s750ms.mp3,142
1783314470,,,/home/niconico/.local/share/Anki2/User 1/collection.media/s302thecaseofthechildhoodfriendsstolenheart_16m41s320ms_16m47s180ms.mp3,142
1783316959,,,/mnt/GAME_DISK/Animes/[WBDP] [FFF] Is the Order a Rabbit (Complete) [BD][1080p-FLAC]/Season 3/[WBDP] S3 - 03 - Everything in the World Serves as My Experience Points [BD][1080p-FLAC] [73EDCD18].mkv,210
1783317879,,,/home/niconico/.local/share/Anki2/User 1/collection.media/s303everythingintheworldservesasmyexperiencepoints_14m53s430ms_14m58s150ms.mp3,149
1783317897,,,/home/niconico/.local/share/Anki2/User 1/collection.media/s303everythingintheworldservesasmyexperiencepoints_14m53s630ms_14m59s150ms.mp3,149
1783317918,,,/home/niconico/.local/share/Anki2/User 1/collection.media/s303everythingintheworldservesasmyexperiencepoints_14m53s530ms_14m59s150ms.mp3,149
1783317928,,,/home/niconico/.local/share/Anki2/User 1/collection.media/s303everythingintheworldservesasmyexperiencepoints_14m53s430ms_14m58s150ms.mp3,149
1783323254,,,/mnt/GAME_DISK/Animes/[WBDP] [FFF] Is the Order a Rabbit (Complete) [BD][1080p-FLAC]/Season 3/[WBDP] S3 - 04 - A Potential Everyday Life [BD][1080p-FLAC] [B5E21D05].mkv,181
1783323302,,,/home/niconico/.local/share/Anki2/User 1/collection.media/s304apotentialeverydaylife_00m09s210ms_00m13s570ms.mp3,125
1783323325,,,/home/niconico/.local/share/Anki2/User 1/collection.media/s304apotentialeverydaylife_00m09s210ms_00m13s570ms.mp3,125
1783323463,,,/home/niconico/.local/share/Anki2/User 1/collection.media/s304apotentialeverydaylife_00m13s710ms_00m18s410ms.mp3,125
1783324474,,,/home/niconico/.local/share/Anki2/User 1/collection.media/s304apotentialeverydaylife_00m53s320ms_00m58s780ms.mp3,125
1783324698,,,/home/niconico/.local/share/Anki2/User 1/collection.media/s304apotentialeverydaylife_04m44s520ms_04m49s310ms.mp3,125
1783324794,,,/home/niconico/.local/share/Anki2/User 1/collection.media/s304apotentialeverydaylife_05m40s860ms_05m48s520ms.mp3,125
1783324962,,,/home/niconico/.local/share/Anki2/User 1/collection.media/s304apotentialeverydaylife_07m45s100ms_07m49s660ms.mp3,125
1783325247,,,/home/niconico/.local/share/Anki2/User 1/collection.media/s304apotentialeverydaylife_11m22s360ms_11m29s770ms.mp3,125
1783325468,,,/home/niconico/.local/share/Anki2/User 1/collection.media/s304apotentialeverydaylife_13m52s810ms_13m58s620ms.mp3,125
1783325477,,,/home/niconico/.local/share/Anki2/User 1/collection.media/s304apotentialeverydaylife_13m52s810ms_13m55s030ms.mp3,125
1783325483,,,/home/niconico/.local/share/Anki2/User 1/collection.media/s304apotentialeverydaylife_13m55s850ms_13m58s620ms.mp3,125
1783325493,,,/home/niconico/.local/share/Anki2/User 1/collection.media/s304apotentialeverydaylife_13m55s750ms_13m58s620ms.mp3,125
1783325501,,,/home/niconico/.local/share/Anki2/User 1/collection.media/s304apotentialeverydaylife_13m55s450ms_13m58s620ms.mp3,125
1783325513,,,/home/niconico/.local/share/Anki2/User 1/collection.media/s304apotentialeverydaylife_13m56s350ms_14m01s310ms.mp3,125
1783325527,,,/home/niconico/.local/share/Anki2/User 1/collection.media/s304apotentialeverydaylife_13m55s350ms_13m58s620ms.mp3,125
1783325807,,,/home/niconico/.local/share/Anki2/User 1/collection.media/s304apotentialeverydaylife_18m09s530ms_18m14s440ms.mp3,125
1783326253,,,/home/niconico/.local/share/Anki2/User 1/collection.media/s304apotentialeverydaylife_20m26s390ms_20m28s140ms.mp3,125
1783326359,,,/mnt/GAME_DISK/Animes/[WBDP] [FFF] Is the Order a Rabbit (Complete) [BD][1080p-FLAC]/Season 3/[WBDP] S3 - 05 - She is a Fierce Whirlwind, She is a Carefree Breeze [BD][1080p-FLAC] [2AA624DA].mkv,207
1783326516,,,/home/niconico/.local/share/Anki2/User 1/collection.media/s305sheisafiercewhirlwindsheisacarefreebreeze_03m18s620ms_03m24s350ms.mp3,144
1783326801,,,/home/niconico/.local/share/Anki2/User 1/collection.media/s305sheisafiercewhirlwindsheisacarefreebreeze_07m23s730ms_07m28s510ms.mp3,144
1783327527,,,/home/niconico/.local/share/Anki2/User 1/collection.media/s305sheisafiercewhirlwindsheisacarefreebreeze_17m42s330ms_17m46s990ms.mp3,144
1783327925,,,/mnt/GAME_DISK/Animes/[WBDP] [FFF] Is the Order a Rabbit (Complete) [BD][1080p-FLAC]/Season 3/[WBDP] S3 - 06 - A Fluffle of Rabbits is Also Most Welcome [BD][1080p-FLAC] [44991E09].mkv,197
1783328045,,,/home/niconico/.local/share/Anki2/User 1/collection.media/s306afluffleofrabbitsisalsomostwelcome_00m06s240ms_00m10s780ms.mp3,137
1783329368,,,/mnt/GAME_DISK/Animes/[WBDP] [FFF] Is the Order a Rabbit (Complete) [BD][1080p-FLAC]/Season 3/[WBDP] S3 - 07 - We Shall Dance with Ghosts Until Morning on this Halloween Night! [BD][1080p-FLAC] [B51E9440].mkv,221
1783330644,,,/mnt/GAME_DISK/Animes/[WBDP] [FFF] Is the Order a Rabbit (Complete) [BD][1080p-FLAC]/Season 3/[WBDP] S3 - 08 - Stamp, Sleep, Study, Smile [BD][1080p-FLAC] [CF52B759].mkv,182
1783330830,,,/home/niconico/.local/share/Anki2/User 1/collection.media/s308stampsleepstudysmile_03m24s160ms_03m26s860ms.mp3,123
1783330990,,,/home/niconico/.local/share/Anki2/User 1/collection.media/s308stampsleepstudysmile_03m40s750ms_03m46s450ms.mp3,123
1783331049,,,/home/niconico/.local/share/Anki2/User 1/collection.media/s308stampsleepstudysmile_04m11s790ms_04m17s150ms.mp3,123
1783331089,,,/home/niconico/.local/share/Anki2/User 1/collection.media/s308stampsleepstudysmile_04m25s950ms_04m32s450ms.mp3,123
1783331181,,,/home/niconico/.local/share/Anki2/User 1/collection.media/s308stampsleepstudysmile_05m29s250ms_05m32s930ms.mp3,123
1783332303,,,/mnt/GAME_DISK/Animes/[WBDP] [FFF] Is the Order a Rabbit (Complete) [BD][1080p-FLAC]/Season 3/[WBDP] S3 - 09 - Chamomile with a Dash of Jealousy [BD][1080p-FLAC] [FDA89690].mkv,189
1783333604,,,/mnt/GAME_DISK/Animes/[WBDP] [FFF] Is the Order a Rabbit (Complete) [BD][1080p-FLAC]/Season 3/[WBDP] S3 - 10 - A Request for Backup From a Full Heart [BD][1080p-FLAC] [5F124C89].mkv,194
1783335105,,,/mnt/GAME_DISK/Animes/[WBDP] [FFF] Is the Order a Rabbit (Complete) [BD][1080p-FLAC]/Season 3/[WBDP] S3 - 11 - The Cafe of Smiles and the Rainbow Magician [BD][1080p-FLAC] [53CAEBCD].mkv,199
1783336559,,,/home/niconico/.local/share/Anki2/User 1/collection.media/s311thecafeofsmilesandtherainbowmagician_05m44s590ms_05m48s910ms.mp3,139
1783337318,,,/home/niconico/.local/share/Anki2/User 1/collection.media/s311thecafeofsmilesandtherainbowmagician_16m31s200ms_16m34s490ms.mp3,139
1783337370,,,/home/niconico/.local/share/Anki2/User 1/collection.media/s311thecafeofsmilesandtherainbowmagician_17m04s270ms_17m09s500ms.mp3,139
1783337690,,,/mnt/GAME_DISK/Animes/[WBDP] [FFF] Is the Order a Rabbit (Complete) [BD][1080p-FLAC]/Season 3/[WBDP] S3 - 12 - I Can Take That Step Forward Because You are Watching [BD][1080p-FLAC] [E618F83B].mkv,209
1783338167,,,/home/niconico/.local/share/Anki2/User 1/collection.media/s312icantakethatstepforwardbecauseyouarewatching_06m31s470ms_06m35s280ms.mp3,147
1783338939,,,/home/niconico/.local/share/Anki2/User 1/collection.media/s312icantakethatstepforwardbecauseyouarewatching_10m08s850ms_10m13s260ms.mp3,147
1783339187,,,/home/niconico/.local/share/Anki2/User 1/collection.media/s312icantakethatstepforwardbecauseyouarewatching_13m09s470ms_13m14s620ms.mp3,147
1783339212,,,/home/niconico/.local/share/Anki2/User 1/collection.media/s312icantakethatstepforwardbecauseyouarewatching_10m08s850ms_10m13s260ms.mp3,147
1783339764,,,/home/niconico/.local/share/Anki2/User 1/collection.media/s312icantakethatstepforwardbecauseyouarewatching_15m11s260ms_15m17s090ms.mp3,147
1783340480,31,Love Live! Superstar!! - S01E01,/mnt/GAME_DISK/Animes/[neoDESU] Love Live! Superstar!! [Season 1-3] [BD 1080p x265 HEVC OPUS AAC] [Dual Audio]/Season 1/Love Live! Superstar!! - S01E01.mkv,201
1783343620,28,Love Lab - S01E01 - YURASUKA,/mnt/GAME_DISK/Animes/Love.Lab.S01.1080p.BluRay.10-Bit.FLAC2.0.x265-YURASUKA/Love.Lab.S01E01.1080p.BluRay.10-Bit.FLAC2.0.x265-YURASUKA.mkv,181
1783344033,,,/home/niconico/.local/share/Anki2/User 1/collection.media/lovelabs01e011080pbluray10bitflac20x265yurasuka_07m03s346ms_07m05s965ms.mp3,146
1783346831,28,Love Lab - S01E02 - YURASUKA,/mnt/GAME_DISK/Animes/Love.Lab.S01.1080p.BluRay.10-Bit.FLAC2.0.x265-YURASUKA/Love.Lab.S01E02.1080p.BluRay.10-Bit.FLAC2.0.x265-YURASUKA.mkv,181
1783349133,,,/mnt/GAME_DISK/Animes/[VCB-Studio] Yama no Susume/[VCB-Studio] Yama no Susume [Ma10p_1080p]/[VCB-Studio] Yama no Susume [01][Ma10p_1080p][x265_flac].mkv,165
1783349148,,,/mnt/GAME_DISK/Animes/[VCB-Studio] Yama no Susume/[VCB-Studio] Yama no Susume [Ma10p_1080p]/[VCB-Studio] Yama no Susume [02][Ma10p_1080p][x265_flac].mkv,165
1783349155,,,/mnt/GAME_DISK/Animes/[VCB-Studio] Yama no Susume/[VCB-Studio] Yama no Susume [Ma10p_1080p]/[VCB-Studio] Yama no Susume [11][Ma10p_1080p][x265_flac].mkv,165
1783349166,,,/mnt/GAME_DISK/Animes/[VCB-Studio] Yama no Susume/[VCB-Studio] Yama no Susume Next Summit [Ma10p_1080p]/[VCB-Studio] Yama no Susume Next Summit [01][Ma10p_1080p][x265_flac].mkv,189
1783399413,,,/mnt/GAME_DISK/Animes/[VCB-Studio] Urara Meirochou [Ma10p_1080p]/[VCB-Studio] Urara Meirochou [01][Ma10p_1080p][x265_flac_aac].mkv,143
1783400872,,,/home/niconico/.local/share/Anki2/User 1/collection.media/urarameirochou_20m26s610ms_20m29s600ms.mp3,113
1783400883,,,/home/niconico/.local/share/Anki2/User 1/collection.media/urarameirochou_20m26s409ms_20m29s600ms.mp3,113
1783400890,,,/home/niconico/.local/share/Anki2/User 1/collection.media/urarameirochou_20m26s409ms_20m29s600ms.mp3,113
1783400912,,,/home/niconico/.local/share/Anki2/User 1/collection.media/urarameirochou_20m26s110ms_20m29s600ms.mp3,113
1783400929,,,/home/niconico/.local/share/Anki2/User 1/collection.media/urarameirochou_20m26s609ms_20m29s600ms.mp3,113
1783400936,,,/home/niconico/.local/share/Anki2/User 1/collection.media/urarameirochou_20m26s609ms_20m32s419ms.mp3,113
1783404707,,,/mnt/GAME_DISK/Animes/[VCB-Studio] Urara Meirochou [Ma10p_1080p]/[VCB-Studio] Urara Meirochou [02][Ma10p_1080p][x265_flac].mkv,139
1783406269,,,/mnt/GAME_DISK/Animes/[neoDESU] [v2] Laid-Back Camp  + Room Camp [BD 1080p x265 HEVC OPUS AAC] [Dual Audio]/Laid-Back Camp/Season 2/Laid-Back Camp - S02E02.mkv,172
1783406278,,,/mnt/GAME_DISK/Animes/[neoDESU] [v2] Laid-Back Camp  + Room Camp [BD 1080p x265 HEVC OPUS AAC] [Dual Audio]/Laid-Back Camp/Season 2/Laid-Back Camp - S02E01.mkv,172
1783406368,,,/mnt/GAME_DISK/Animes/[neoDESU] [v2] Laid-Back Camp  + Room Camp [BD 1080p x265 HEVC OPUS AAC] [Dual Audio]/Laid-Back Camp/Season 2/Laid-Back Camp - S02E01.mkv,172
1783406403,,,/mnt/GAME_DISK/Animes/[neoDESU] [v2] Laid-Back Camp  + Room Camp [BD 1080p x265 HEVC OPUS AAC] [Dual Audio]/Laid-Back Camp/Season 2/Laid-Back Camp - S02E02.mkv,172
1783406563,,,/mnt/GAME_DISK/Animes/[neoDESU] [v2] Laid-Back Camp  + Room Camp [BD 1080p x265 HEVC OPUS AAC] [Dual Audio]/Laid-Back Camp/Season 2/Laid-Back Camp - S02E03.mkv,172
1783406615,,,/mnt/GAME_DISK/Animes/[neoDESU] [v2] Laid-Back Camp  + Room Camp [BD 1080p x265 HEVC OPUS AAC] [Dual Audio]/Laid-Back Camp/Season 2/Laid-Back Camp - S02E04.mkv,172
1783406957,,,/mnt/GAME_DISK/Animes/[neoDESU] [v2] Laid-Back Camp  + Room Camp [BD 1080p x265 HEVC OPUS AAC] [Dual Audio]/Laid-Back Camp/Season 2/Laid-Back Camp - S02E05.mkv,172
1783406982,,,/mnt/GAME_DISK/Animes/[neoDESU] [v2] Laid-Back Camp  + Room Camp [BD 1080p x265 HEVC OPUS AAC] [Dual Audio]/Laid-Back Camp/Season 3/Laid-Back Camp - S03E01.mkv,172
1783408619,,,/mnt/GAME_DISK/Animes/Yuru Yuri/4. Yuru Yuri San Hai!/[Rom & Rem] Yuru Yuri San Hai! - 01 [H265][10bits][1080p][FLAC].mkv,134
1783419269,,,/mnt/GAME_DISK/Animes/[VCB-Studio] K-ON!/[VCB-Studio] K-ON! [Ma10p_1080p]/[VCB-Studio] K-ON! [01][Ma10p_1080p][x265_flac_2aac].mkv,143
1783420732,,,/mnt/GAME_DISK/Animes/[VCB-Studio] K-ON!/[VCB-Studio] K-ON! [Ma10p_1080p]/[VCB-Studio] K-ON! [02][Ma10p_1080p][x265_flac_2aac].mkv,143
1783422021,,,/mnt/GAME_DISK/Animes/[VCB-Studio] K-ON!/[VCB-Studio] K-ON! [Ma10p_1080p]/[VCB-Studio] K-ON! [03][Ma10p_1080p][x265_flac_2aac].mkv,143
1783445407,,,/home/niconico/.local/share/Anki2/User 1/collection.media/kon_18m13s340ms_18m21s660ms.mp3,102
1783480126,,,/mnt/GAME_DISK/Animes/[VCB-Studio] K-ON!/[VCB-Studio] K-ON! [Ma10p_1080p]/[VCB-Studio] K-ON! [04][Ma10p_1080p][x265_flac_2aac].mkv,143
1783484179,,,/mnt/GAME_DISK/Animes/[VCB-Studio] K-ON!/[VCB-Studio] K-ON! [Ma10p_1080p]/[VCB-Studio] K-ON! [05][Ma10p_1080p][x265_flac_2aac].mkv,143
1783485501,,,/mnt/GAME_DISK/Animes/[VCB-Studio] K-ON!/[VCB-Studio] K-ON! [Ma10p_1080p]/[VCB-Studio] K-ON! [06][Ma10p_1080p][x265_flac_2aac].mkv,143
1783491633,,,/mnt/GAME_DISK/Animes/[VCB-Studio] K-ON!/[VCB-Studio] K-ON! [Ma10p_1080p]/[VCB-Studio] K-ON! [07][Ma10p_1080p][x265_flac_2aac].mkv,143
1783492976,,,/mnt/GAME_DISK/Animes/[VCB-Studio] K-ON!/[VCB-Studio] K-ON! [Ma10p_1080p]/[VCB-Studio] K-ON! [08][Ma10p_1080p][x265_flac_3aac].mkv,143
1783494244,,,/mnt/GAME_DISK/Animes/[VCB-Studio] K-ON!/[VCB-Studio] K-ON! [Ma10p_1080p]/[VCB-Studio] K-ON! [09][Ma10p_1080p][x265_flac_3aac].mkv,143
1783494724,,,/home/niconico/.local/share/Anki2/User 1/collection.media/kon_08m55s850ms_08m59s030ms.mp3,102
1783495617,,,/mnt/GAME_DISK/Animes/[VCB-Studio] K-ON!/[VCB-Studio] K-ON! [Ma10p_1080p]/[VCB-Studio] K-ON! [10][Ma10p_1080p][x265_flac_3aac].mkv,143
1783496554,,,/home/niconico/.local/share/Anki2/User 1/collection.media/kon_15m27s550ms_15m31s580ms.mp3,102
1783501618,,,/mnt/GAME_DISK/日本語字幕】Nelお姉さんのお家に泊まりに行こう(完全版).mp4,109
1783506380,,,/mnt/GAME_DISK/Animes/[VCB-Studio] K-ON!/[VCB-Studio] K-ON! [Ma10p_1080p]/[VCB-Studio] K-ON! [11][Ma10p_1080p][x265_flac_3aac].mkv,143
1783507667,,,/mnt/GAME_DISK/Animes/[VCB-Studio] K-ON!/[VCB-Studio] K-ON! [Ma10p_1080p]/[VCB-Studio] K-ON! [11][Ma10p_1080p][x265_flac_3aac].mkv,143
1783507678,,,/mnt/GAME_DISK/Animes/[VCB-Studio] K-ON!/[VCB-Studio] K-ON! [Ma10p_1080p]/[VCB-Studio] K-ON! [12][Ma10p_1080p][x265_flac_3aac].mkv,143
1783508956,,,/mnt/GAME_DISK/Animes/[VCB-Studio] K-ON!/[VCB-Studio] K-ON! [Ma10p_1080p]/[VCB-Studio] K-ON! [13][Ma10p_1080p][x265_flac_2aac].mkv,143
1783531318,,,/mnt/GAME_DISK/Animes/[VCB-Studio] K-ON!/[VCB-Studio] K-ON! [Ma10p_1080p]/[VCB-Studio] K-ON! [14][Ma10p_1080p][x265_flac_2aac].mkv,143
1783567159,,,/mnt/GAME_DISK/Animes/[VCB-Studio] K-ON!/[VCB-Studio] K-ON! The Movie [Ma10p_1080p]/[VCB-Studio] K-ON! The Movie [Ma10p_1080p][x265_flac].mkv,154
1783573462,,,/mnt/GAME_DISK/Animes/[VCB-Studio] K-ON!/[VCB-Studio] K-ON!! [Ma10p_1080p]/[VCB-Studio] K-ON!! [01][Ma10p_1080p][x265_flac_2aac].mkv,145
1783573978,,,/home/niconico/.local/share/Anki2/User 1/collection.media/kon_07m49s120ms_07m54s060ms.mp3,102
1783574493,,,/home/niconico/.local/share/Anki2/User 1/collection.media/kon_14m17s370ms_14m20s820ms.mp3,102
1783574504,,,/home/niconico/.local/share/Anki2/User 1/collection.media/kon_14m17s169ms_14m20s820ms.mp3,102
1783574513,,,/home/niconico/.local/share/Anki2/User 1/collection.media/kon_14m16s969ms_14m20s820ms.mp3,102
1783574537,,,/home/niconico/.local/share/Anki2/User 1/collection.media/kon_14m17s469ms_14m23s000ms.mp3,102
1783574548,,,/home/niconico/.local/share/Anki2/User 1/collection.media/kon_14m17s369ms_14m20s820ms.mp3,102
1783574906,,,/home/niconico/.local/share/Anki2/User 1/collection.media/kon_18m32s039ms_18m35s529ms.mp3,102
1783575287,,,/mnt/GAME_DISK/Animes/[VCB-Studio] K-ON!/[VCB-Studio] K-ON!! [Ma10p_1080p]/[VCB-Studio] K-ON!! [02][Ma10p_1080p][x265_flac_2aac].mkv,145
1783576034,,,/home/niconico/.local/share/Anki2/User 1/collection.media/kon_12m35s859ms_12m38s729ms.mp3,102
1783576178,,,/home/niconico/.local/share/Anki2/User 1/collection.media/kon_14m22s779ms_14m28s519ms.mp3,102
1783576718,,,/mnt/GAME_DISK/Animes/[VCB-Studio] K-ON!/[VCB-Studio] K-ON!! [Ma10p_1080p]/[VCB-Studio] K-ON!! [03][Ma10p_1080p][x265_flac_2aac].mkv,145
1783583509,,,/home/niconico/.local/share/Anki2/User 1/collection.media/kon_08m32s509ms_08m38s209ms.mp3,102
1783586618,,,/home/niconico/.local/share/Anki2/User 1/collection.media/kon_19m47s709ms_19m51s369ms.mp3,102
1783586800,,,/mnt/GAME_DISK/Animes/[VCB-Studio] K-ON!/[VCB-Studio] K-ON!! [Ma10p_1080p]/[VCB-Studio] K-ON!! [04][Ma10p_1080p][x265_flac_2aac].mkv,145
1783588940,,,/mnt/GAME_DISK/Animes/[VCB-Studio] K-ON!/[VCB-Studio] K-ON!! [Ma10p_1080p]/[VCB-Studio] K-ON!! [05][Ma10p_1080p][x265_flac_2aac].mkv,145
1783590451,,,/mnt/GAME_DISK/Animes/[VCB-Studio] K-ON!/[VCB-Studio] K-ON!! [Ma10p_1080p]/[VCB-Studio] K-ON!! [06][Ma10p_1080p][x265_flac_2aac].mkv,145
1783590740,,,/home/niconico/.local/share/Anki2/User 1/collection.media/kon_05m32s589ms_05m37s699ms.mp3,102
1783591590,,,/home/niconico/.local/share/Anki2/User 1/collection.media/kon_16m43s209ms_16m46s749ms.mp3,102
1783591967,,,/home/niconico/.local/share/Anki2/User 1/collection.media/kon_19m57s899ms_20m08s569ms.mp3,102
1783624725,,,/mnt/GAME_DISK/Animes/[VCB-Studio] K-ON!/[VCB-Studio] K-ON!! [Ma10p_1080p]/[VCB-Studio] K-ON!! [07][Ma10p_1080p][x265_flac_2aac].mkv,145
1783625405,,,/home/niconico/.local/share/Anki2/User 1/collection.media/kon_10m27s269ms_10m31s419ms.mp3,102
1783659267,,,/mnt/GAME_DISK/Animes/[VCB-Studio] K-ON!/[VCB-Studio] K-ON!! [Ma10p_1080p]/[VCB-Studio] K-ON!! [08][Ma10p_1080p][x265_flac_2aac].mkv,145
1783659720,,,/home/niconico/.local/share/Anki2/User 1/collection.media/kon_08m18s319ms_08m22s199ms.mp3,102
1783659846,,,/home/niconico/.local/share/Anki2/User 1/collection.media/kon_09m17s839ms_09m21s739ms.mp3,102
1783660447,,,/home/niconico/.local/share/Anki2/User 1/collection.media/kon_17m42s059ms_17m45s959ms.mp3,102
1783660463,,,/home/niconico/.local/share/Anki2/User 1/collection.media/kon_17m38s469ms_17m45s959ms.mp3,102
1783665072,,,/mnt/GAME_DISK/Animes/[VCB-Studio] K-ON!/[VCB-Studio] K-ON!! [Ma10p_1080p]/[VCB-Studio] K-ON!! [09][Ma10p_1080p][x265_flac_2aac].mkv,145
1783666330,,,/home/niconico/.local/share/Anki2/User 1/collection.media/kon_06m55s969ms_07m01s439ms.mp3,102
1783666839,,,/home/niconico/.local/share/Anki2/User 1/collection.media/kon_07m55s209ms_07m59s459ms.mp3,102
1783666943,,,/home/niconico/.local/share/Anki2/User 1/collection.media/kon_08m01s469ms_08m09s019ms.mp3,102
1783667604,,,/home/niconico/.local/share/Anki2/User 1/collection.media/kon_17m25s659ms_17m28s159ms.mp3,102
1783667618,,,/home/niconico/.local/share/Anki2/User 1/collection.media/kon_17m25s559ms_17m28s159ms.mp3,102
1783667776,,,/home/niconico/.local/share/Anki2/User 1/collection.media/kon_19m15s629ms_19m19s799ms.mp3,102
1783667817,,,/home/niconico/.local/share/Anki2/User 1/collection.media/kon_19m27s959ms_19m31s009ms.mp3,102
1783698281,,,/mnt/GAME_DISK/Animes/[VCB-Studio] K-ON!/[VCB-Studio] K-ON!! [Ma10p_1080p]/[VCB-Studio] K-ON!! [09][Ma10p_1080p][x265_flac_2aac].mkv,145
1783699312,,,/mnt/GAME_DISK/Animes/[VCB-Studio] K-ON!/[VCB-Studio] K-ON!! [Ma10p_1080p]/[VCB-Studio] K-ON!! [09][Ma10p_1080p][x265_flac_2aac].mkv,145
1783699340,,,/mnt/GAME_DISK/Animes/[VCB-Studio] K-ON!/[VCB-Studio] K-ON!! [Ma10p_1080p]/[VCB-Studio] K-ON!! [09][Ma10p_1080p][x265_flac_2aac].mkv,145
1783699849,,,/mnt/GAME_DISK/Videos/Video_2026-05-27_11-23-06.mp4,64
1783710677,,,/mnt/GAME_DISK/Animes/[VCB-Studio] K-ON!/[VCB-Studio] K-ON!! [Ma10p_1080p]/[VCB-Studio] K-ON!! [10][Ma10p_1080p][x265_flac_2aac].mkv,145
1783710758,,,/home/niconico/.local/share/Anki2/User 1/collection.media/kon_01m52s820ms_02m00s590ms.mp3,102
1783711407,,,/home/niconico/.local/share/Anki2/User 1/collection.media/kon_02m15s260ms_02m20s060ms.mp3,102
1783711482,,,/home/niconico/.local/share/Anki2/User 1/collection.media/kon_02m18s170ms_02m20s060ms.mp3,102
1783711530,,,/home/niconico/.local/share/Anki2/User 1/collection.media/kon_02m25s960ms_02m29s000ms.mp3,102
1783711574,,,/home/niconico/.local/share/Anki2/User 1/collection.media/kon_02m52s590ms_02m56s060ms.mp3,102
1783711663,,,/home/niconico/.local/share/Anki2/User 1/collection.media/kon_04m02s050ms_04m05s720ms.mp3,102
1783713005,,,/home/niconico/.local/share/Anki2/User 1/collection.media/kon_21m08s390ms_21m14s030ms.mp3,102
1783713127,,,/mnt/GAME_DISK/Animes/[VCB-Studio] K-ON!/[VCB-Studio] K-ON!! [Ma10p_1080p]/[VCB-Studio] K-ON!! [11][Ma10p_1080p][x265_flac_2aac].mkv,145
1783713370,,,/home/niconico/.local/share/Anki2/User 1/collection.media/kon_04m29s600ms_04m35s900ms.mp3,102
1783713740,,,/home/niconico/.local/share/Anki2/User 1/collection.media/kon_09m40s180ms_09m45s290ms.mp3,102
1783713880,,,/home/niconico/.local/share/Anki2/User 1/collection.media/kon_10m48s490ms_10m54s950ms.mp3,102
1783714403,,,/home/niconico/.local/share/Anki2/User 1/collection.media/kon_18m08s190ms_18m14s370ms.mp3,102
1783752762,,,/mnt/GAME_DISK/Anime/[VCB-Studio] K-ON!/[VCB-Studio] K-ON!! [Ma10p_1080p]/[VCB-Studio] K-ON!! [11][Ma10p_1080p][x265_flac_2aac].mkv,144
1783752781,,,/mnt/GAME_DISK/Anime/[VCB-Studio] K-ON!/[VCB-Studio] K-ON!! [Ma10p_1080p]/[VCB-Studio] K-ON!! [12][Ma10p_1080p][x265_flac_2aac].mkv,144
1783753311,,,/home/niconico/.local/share/Anki2/User 1/collection.media/kon_04m34s030ms_04m40s970ms.mp3,102
1783753408,,,/home/niconico/.local/share/Anki2/User 1/collection.media/kon_05m34s730ms_05m40s840ms.mp3,102
1783759267,,,/mnt/GAME_DISK/Anime/[VCB-Studio] K-ON!/[VCB-Studio] K-ON!! [Ma10p_1080p]/[VCB-Studio] K-ON!! [13][Ma10p_1080p][x265_flac_2aac].mkv,144
1783759683,,,/home/niconico/.local/share/Anki2/User 1/collection.media/kon_06m54s910ms_07m02s760ms.mp3,102
1783775363,,,/mnt/GAME_DISK/Anime/[VCB-Studio] K-ON!/[VCB-Studio] K-ON!! [Ma10p_1080p]/[VCB-Studio] K-ON!! [14][Ma10p_1080p][x265_flac_2aac].mkv,144
1783775964,,,/home/niconico/.local/share/Anki2/User 1/collection.media/kon_07m40s300ms_07m43s610ms.mp3,102
1783776031,,,/home/niconico/.local/share/Anki2/User 1/collection.media/kon_07m48s580ms_07m53s390ms.mp3,102
1783777544,,,/home/niconico/.local/share/Anki2/User 1/collection.media/kon_08m01s350ms_08m05s270ms.mp3,102
1783784453,,,/mnt/GAME_DISK/Anime/[VCB-Studio] K-ON!/[VCB-Studio] K-ON!! [Ma10p_1080p]/[VCB-Studio] K-ON!! [14][Ma10p_1080p][x265_flac_2aac].mkv,144
1783784498,,,/mnt/GAME_DISK/Anime/[VCB-Studio] K-ON!/[VCB-Studio] K-ON!! [Ma10p_1080p]/[VCB-Studio] K-ON!! [15][Ma10p_1080p][x265_flac_2aac].mkv,144
1783784812,,,/mnt/GAME_DISK/Anime/[VCB-Studio] K-ON!/[VCB-Studio] K-ON!! [Ma10p_1080p]/[VCB-Studio] K-ON!! [15][Ma10p_1080p][x265_flac_2aac].mkv,144
1783795025,,,/home/niconico/.local/share/Anki2/User 1/collection.media/kon_04m14s450ms_04m20s149ms.mp3,102
1783796645,,,/home/niconico/.local/share/Anki2/User 1/collection.media/kon_06m27s250ms_06m31s980ms.mp3,102
1783797012,,,/home/niconico/.local/share/Anki2/User 1/collection.media/kon_08m44s380ms_08m52s270ms.mp3,102
1783838567,,,/mnt/GAME_DISK/Anime/[VCB-Studio] K-ON!/[VCB-Studio] K-ON!! [Ma10p_1080p]/[VCB-Studio] K-ON!! [16][Ma10p_1080p][x265_flac_2aac].mkv,144
1783839483,,,/home/niconico/.local/share/Anki2/User 1/collection.media/kon_14m07s370ms_14m15s390ms.mp3,102
1783840058,,,/mnt/GAME_DISK/Anime/[VCB-Studio] K-ON!/[VCB-Studio] K-ON!! [Ma10p_1080p]/[VCB-Studio] K-ON!! [17][Ma10p_1080p][x265_flac_2aac].mkv,144
1783840602,,,/home/niconico/.local/share/Anki2/User 1/collection.media/kon_08m42s720ms_08m46s520ms.mp3,102
1783840670,,,/home/niconico/.local/share/Anki2/User 1/collection.media/kon_09m16s210ms_09m24s670ms.mp3,102
1783841386,,,/home/niconico/.local/share/Anki2/User 1/collection.media/kon_16m02s310ms_16m08s770ms.mp3,102
1783841784,,,/mnt/GAME_DISK/Anime/[VCB-Studio] K-ON!/[VCB-Studio] K-ON!! [Ma10p_1080p]/[VCB-Studio] K-ON!! [18][Ma10p_1080p][x265_flac_2aac].mkv,144
1783841903,,,/home/niconico/.local/share/Anki2/User 1/collection.media/kon_02m35s490ms_02m39s120ms.mp3,102
1783841914,,,/home/niconico/.local/share/Anki2/User 1/collection.media/kon_02m33s150ms_02m39s120ms.mp3,102
1783842022,,,/home/niconico/.local/share/Anki2/User 1/collection.media/kon_03m06s000ms_03m11s430ms.mp3,102
1783842154,,,/home/niconico/.local/share/Anki2/User 1/collection.media/kon_03m49s300ms_03m55s260ms.mp3,102
1783842332,,,/home/niconico/.local/share/Anki2/User 1/collection.media/kon_05m32s500ms_05m43s290ms.mp3,102
1783842371,,,/home/niconico/.local/share/Anki2/User 1/collection.media/kon_05m48s630ms_05m56s670ms.mp3,102
1783842589,,,/home/niconico/.local/share/Anki2/User 1/collection.media/kon_08m20s600ms_08m30s420ms.mp3,102
1783843377,,,/home/niconico/.local/share/Anki2/User 1/collection.media/kon_18m27s340ms_18m34s260ms.mp3,102
1783843551,,,/home/niconico/.local/share/Anki2/User 1/collection.media/kon_20m50s530ms_20m55s600ms.mp3,102
1783843913,,,/home/niconico/.local/share/Anki2/User 1/collection.media/kon_18m27s340ms_18m30s490ms.mp3,102
1783843961,,,/home/niconico/.local/share/Anki2/User 1/collection.media/kon_18m22s440ms_18m30s490ms.mp3,102
1783843986,,,/home/niconico/.local/share/Anki2/User 1/collection.media/kon_18m14s720ms_18m17s040ms.mp3,102
1783843991,,,/home/niconico/.local/share/Anki2/User 1/collection.media/kon_18m14s720ms_18m17s040ms.mp3,102
1783844029,,,/home/niconico/.local/share/Anki2/User 1/collection.media/kon_18m27s340ms_18m34s260ms.mp3,102
1783844077,,,/home/niconico/.local/share/Anki2/User 1/collection.media/kon_20m50s530ms_20m55s600ms.mp3,102
1783862583,116,【#キュアメイドカフェ】晩餐会の開催ですわー！♡【壱百満天原サロメ/にじさんじ】,https://www.youtube.com/watch?v=2RtK1BODrQo,175
1783862675,116,【#キュアメイドカフェ】晩餐会の開催ですわー！♡【壱百満天原サロメ/にじさんじ】,https://www.youtube.com/watch?v=2RtK1BODrQo,175
1783873870,,,/home/niconico/Videos/normal.mp4,45
1783874726,,,/home/niconico/Videos/normal_JP.mp4,48
1783877575,137,【#サロメIRIAM体験中】わたくしの💯密な配信体験ですわ〜❣️❣️【壱百満天原サロメ/にじさんじ】,https://youtu.be/tGyN6NIjJDQ?si=o14Uk01B0XUaXnYa,201
1783880255,137,【#サロメIRIAM体験中】わたくしの💯密な配信体験ですわ〜❣️❣️【壱百満天原サロメ/にじさんじ】,https://youtu.be/tGyN6NIjJDQ?si=o14Uk01B0XUaXnYa,201
1783880640,116,【#キュアメイドカフェ】晩餐会の開催ですわー！♡【壱百満天原サロメ/にじさんじ】,https://www.youtube.com/watch?v=2RtK1BODrQo,175
1783882656,116,【#キュアメイドカフェ】晩餐会の開催ですわー！♡【壱百満天原サロメ/にじさんじ】,https://www.youtube.com/live/2RtK1BODrQo?si=rGj2rrrpsMLE5nt0,192
1783886027,116,【#キュアメイドカフェ】晩餐会の開催ですわー！♡【壱百満天原サロメ/にじさんじ】,https://www.youtube.com/live/2RtK1BODrQo?si=rGj2rrrpsMLE5nt0,192
1783889165,116,【#キュアメイドカフェ】晩餐会の開催ですわー！♡【壱百満天原サロメ/にじさんじ】,https://www.youtube.com/live/2RtK1BODrQo?si=rGj2rrrpsMLE5nt0,192
1783892195,116,【#キュアメイドカフェ】晩餐会の開催ですわー！♡【壱百満天原サロメ/にじさんじ】,https://www.youtube.com/live/2RtK1BODrQo?si=rGj2rrrpsMLE5nt0,192
1783893420,116,【#キュアメイドカフェ】晩餐会の開催ですわー！♡【壱百満天原サロメ/にじさんじ】,https://www.youtube.com/live/2RtK1BODrQo?si=rGj2rrrpsMLE5nt0,192
1783917317,,,/mnt/GAME_DISK/Anime/[VCB-Studio] Gochiusa/Season 1/[FFF] Gochuumon wa Usagi Desu ka - 04 [BD][1080p-FLAC][CDC41C12].mkv,133
1783917415,,,/home/niconico/.local/share/Anki2/User 1/collection.media/gochuumonwausagidesuka04_20m43s272ms_20m52s582ms.mp3,123
1783917519,,,/home/niconico/.local/share/Anki2/User 1/collection.media/gochuumonwausagidesuka04_20m32s834ms_20m43s063ms.mp3,123
1783917557,,,/home/niconico/.local/share/Anki2/User 1/collection.media/gochuumonwausagidesuka04_20m32s834ms_20m52s582ms.mp3,123
1783927082,137,【#サロメIRIAM体験中】わたくしの💯密な配信体験ですわ〜❣️❣️【壱百満天原サロメ/にじさんじ】,https://youtu.be/tGyN6NIjJDQ?si=o14Uk01B0XUaXnYa,201
1783927099,116,【#キュアメイドカフェ】晩餐会の開催ですわー！♡【壱百満天原サロメ/にじさんじ】,https://www.youtube.com/watch?v=2RtK1BODrQo,175
1783927428,,,/mnt/GAME_DISK/Anime/[VCB-Studio] K-ON!/[VCB-Studio] K-ON!! [Ma10p_1080p]/[VCB-Studio] K-ON!! [18][Ma10p_1080p][x265_flac_2aac].mkv,144
1783927438,,,/mnt/GAME_DISK/Anime/[VCB-Studio] K-ON!/[VCB-Studio] K-ON!! [Ma10p_1080p]/[VCB-Studio] K-ON!! [19][Ma10p_1080p][x265_flac_3aac].mkv,144
1783928876,116,【#キュアメイドカフェ】晩餐会の開催ですわー！♡【壱百満天原サロメ/にじさんじ】,https://www.youtube.com/live/2RtK1BODrQo?si=rGj2rrrpsMLE5nt0,192
1783929984,,,/mnt/GAME_DISK/Anime/[VCB-Studio] K-ON!/[VCB-Studio] K-ON!! [Ma10p_1080p]/[VCB-Studio] K-ON!! [20][Ma10p_1080p][x265_flac_3aac].mkv,144
1783933653,167,【ASMR雑談/KU100】さらっと爽快なパウダーのマッサージするよ🎧囁きお喋り・Powder ear massage・Whispered chat【VTuber/沙汰ナキア】,https://www.youtube.com/live/0sv8aEkiV20?si=p4PL9dmFP3DZ24_G,243
1783934606,,,/mnt/GAME_DISK/Anime/[VCB-Studio] K-ON!/[VCB-Studio] K-ON!! [Ma10p_1080p]/[VCB-Studio] K-ON!! [21][Ma10p_1080p][x265_flac_3aac].mkv,144
1783935943,116,【#キュアメイドカフェ】晩餐会の開催ですわー！♡【壱百満天原サロメ/にじさんじ】,https://www.youtube.com/watch?v=2RtK1BODrQo,175
1783935969,167,【ASMR雑談/KU100】さらっと爽快なパウダーのマッサージするよ🎧囁きお喋り・Powder ear massage・Whispered chat【VTuber/沙汰ナキア】,https://www.youtube.com/live/0sv8aEkiV20?si=p4PL9dmFP3DZ24_G~,244
1783938453,167,【ASMR雑談/KU100】さらっと爽快なパウダーのマッサージするよ🎧囁きお喋り・Powder ear massage・Whispered chat【VTuber/沙汰ナキア】,https://www.youtube.com/live/0sv8aEkiV20?si=p4PL9dmFP3DZ24_G,243
1783939283,167,【ASMR雑談/KU100】さらっと爽快なパウダーのマッサージするよ🎧囁きお喋り・Powder ear massage・Whispered chat【VTuber/沙汰ナキア】,https://www.youtube.com/live/0sv8aEkiV20?si=p4PL9dmFP3DZ24_G,243
1783941511,167,【ASMR雑談/KU100】さらっと爽快なパウダーのマッサージするよ🎧囁きお喋り・Powder ear massage・Whispered chat【VTuber/沙汰ナキア】,https://www.youtube.com/live/0sv8aEkiV20?si=p4PL9dmFP3DZ24_G,243
1783943712,167,【ASMR雑談/KU100】さらっと爽快なパウダーのマッサージするよ🎧囁きお喋り・Powder ear massage・Whispered chat【VTuber/沙汰ナキア】,https://www.youtube.com/live/0sv8aEkiV20?si=p4PL9dmFP3DZ24_G,243
1783957123,,,/mnt/GAME_DISK/Anime/[VCB-Studio] K-ON!/[VCB-Studio] K-ON!! [Ma10p_1080p]/[VCB-Studio] K-ON!! [23][Ma10p_1080p][x265_flac_3aac].mkv,144
1783958456,,,/mnt/GAME_DISK/Anime/[VCB-Studio] K-ON!/[VCB-Studio] K-ON!! [Ma10p_1080p]/[VCB-Studio] K-ON!! [24][Ma10p_1080p][x265_flac_3aac].mkv,144
1783959771,,,/mnt/GAME_DISK/Anime/[VCB-Studio] K-ON!/[VCB-Studio] K-ON!! [Ma10p_1080p]/[VCB-Studio] K-ON!! [25][Ma10p_1080p][x265_flac_2aac].mkv,144
1783996347,139,【ASMR雑談/3Dio】いろんなメイクブラシで耳かきしてみる🎧Ear Cleaning with Makeup Brushes【沙汰ナキア/VTuber】,https://www.youtube.com/live/tmDxWPUFiNc?si=SzyULSEPkpgrAc9E,215
1783996746,139,【ASMR雑談/3Dio】いろんなメイクブラシで耳かきしてみる🎧Ear Cleaning with Makeup Brushes【沙汰ナキア/VTuber】,https://www.youtube.com/live/tmDxWPUFiNc?si=SzyULSEPkpgrAc9E,215
1783997112,139,【ASMR雑談/3Dio】いろんなメイクブラシで耳かきしてみる🎧Ear Cleaning with Makeup Brushes【沙汰ナキア/VTuber】,https://www.youtube.com/live/tmDxWPUFiNc?si=SzyULSEPkpgrAc9E,215
1783997463,139,【ASMR雑談/3Dio】いろんなメイクブラシで耳かきしてみる🎧Ear Cleaning with Makeup Brushes【沙汰ナキア/VTuber】,https://www.youtube.com/live/tmDxWPUFiNc?si=SzyULSEPkpgrAc9E,215
1784000956,139,【ASMR雑談/3Dio】いろんなメイクブラシで耳かきしてみる🎧Ear Cleaning with Makeup Brushes【沙汰ナキア/VTuber】,https://www.youtube.com/live/tmDxWPUFiNc?si=SzyULSEPkpgrAc9E,215
1784011167,,,/mnt/GAME_DISK/Anime/[VCB-Studio] K-ON!/[VCB-Studio] K-ON! The Movie [Ma10p_1080p]/[VCB-Studio] K-ON! The Movie [Ma10p_1080p][x265_flac].mkv,153
1784011179,,,/mnt/GAME_DISK/Anime/[VCB-Studio] K-ON!/[VCB-Studio] K-ON! The Movie [Ma10p_1080p]/[VCB-Studio] K-ON! The Movie [Ma10p_1080p][x265_flac].mkv,153
1784062349,83,【耳かきボイス】霊夢とまったり耳かきたいむ。【東方/ASMR】,https://youtu.be/FyWHET2ECJM?si=dbWnoUhBdjVKUjP1,146
1784063339,83,【耳かきボイス】霊夢とまったり耳かきたいむ。【東方/ASMR】,https://youtu.be/FyWHET2ECJM?si=nW-O90lGZYSdbQly,146
1784064834,83,【耳かきボイス】霊夢とまったり耳かきたいむ。【東方/ASMR】,https://youtu.be/FyWHET2ECJM?si=nW-O90lGZYSdbQly,146
1784090302,83,【耳かきボイス】霊夢とまったり耳かきたいむ。【東方/ASMR】,https://youtu.be/FyWHET2ECJM?si=nW-O90lGZYSdbQly,146
1784091044,83,【耳かきボイス】霊夢とまったり耳かきたいむ。【東方/ASMR】,https://youtu.be/FyWHET2ECJM?si=nW-O90lGZYSdbQly,146
1784092245,83,【耳かきボイス】霊夢とまったり耳かきたいむ。【東方/ASMR】,https://youtu.be/FyWHET2ECJM?si=nW-O90lGZYSdbQly,146
1784093261,,,/home/niconico/.local/share/Anki2/User 1/collection.media/konthemovie_14m52s580ms_15m01s088ms.mp3,110
1784094861,,,/home/niconico/.local/share/Anki2/User 1/collection.media/konthemovie_37m55s228ms_38m03s236ms.mp3,110
1784096179,,,/home/niconico/.local/share/Anki2/User 1/collection.media/konthemovie_58m01s733ms_58m09s741ms.mp3,110
1784102931,,,/mnt/GAME_DISK/Anime/[VCB-Studio] K-ON!/[VCB-Studio] K-ON! The Movie [Ma10p_1080p]/[VCB-Studio] K-ON! The Movie [Ma10p_1080p][x265_flac].mka,153
1784102959,,,/mnt/GAME_DISK/Anime/[VCB-Studio] K-ON!/[VCB-Studio] K-ON!! [Ma10p_1080p]/[VCB-Studio] K-ON!! [27][Ma10p_1080p][x265_flac_2aac].mkv,144
1784165808,,,/mnt/GAME_DISK/Anime/[Airota&VCB-Studio] Chuunibyou demo Koi ga Shitai!/[Airota&VCB-Studio] Gekijouban Chuunibyou demo Koi ga Shitai! [Hi10p_1080p]/CDs/[130911] 主題歌集 ｢～中二病奥義・三曲の極み～｣ (flac+webp)/LACM-14132.cue,259
1784166343,,,/mnt/GAME_DISK/Anime/[neoDESU] [v2] Laid-Back Camp  + Room Camp [BD 1080p x265 HEVC OPUS AAC] [Dual Audio]/Laid-Back Camp/Season 2/Laid-Back Camp - S02E05.mkv,171
1784166361,,,/mnt/GAME_DISK/Anime/[neoDESU] [v2] Laid-Back Camp  + Room Camp [BD 1080p x265 HEVC OPUS AAC] [Dual Audio]/Laid-Back Camp/Season 2/Laid-Back Camp - S02E06.mkv,171
1784166448,,,/mnt/GAME_DISK/Anime/[neoDESU] [v2] Laid-Back Camp  + Room Camp [BD 1080p x265 HEVC OPUS AAC] [Dual Audio]/Laid-Back Camp/Season 2/Laid-Back Camp - S02E05.mkv,171
1784166507,,,/mnt/GAME_DISK/Anime/[neoDESU] [v2] Laid-Back Camp  + Room Camp [BD 1080p x265 HEVC OPUS AAC] [Dual Audio]/Laid-Back Camp/Season 2/Laid-Back Camp - S02E07.mkv,171
1784183348,,,/mnt/GAME_DISK/Anime/[neoDESU] [v2] Laid-Back Camp  + Room Camp [BD 1080p x265 HEVC OPUS AAC] [Dual Audio]/Laid-Back Camp/Season 2/Laid-Back Camp - S02E07.mkv,171
1784183387,,,/mnt/GAME_DISK/Anime/[neoDESU] [v2] Laid-Back Camp  + Room Camp [BD 1080p x265 HEVC OPUS AAC] [Dual Audio]/Laid-Back Camp/Season 2/Laid-Back Camp - S02E07.mkv,171
1784183907,,,/mnt/GAME_DISK/Anime/[neoDESU] [v2] Laid-Back Camp  + Room Camp [BD 1080p x265 HEVC OPUS AAC] [Dual Audio]/Laid-Back Camp/Season 2/Laid-Back Camp - S02E08.mkv,171
1784184275,,,/home/niconico/.local/share/Anki2/User 1/collection.media/laidbackcamps02e08_06m19s128ms_06m29s347ms.mp3,117
1784184306,,,/mnt/GAME_DISK/Anime/[Pog42] Kiniro Mosaic (BD 1080p x265 10bit Opus)/Season 2/[Pog42] Hello!! Kiniro Mosaic - 01 (BD 1080p x265 Opus).mkv,151
1784184389,,,/mnt/GAME_DISK/Anime/[WBDP] Tamayura (Complete) [BD][1080p-FLAC]/02 - Tamayura ~ Hitotose/[WBDP] 01 - It's My First Town, It Is [BD][1080p-FLAC] [4450B97C].mkv,172
1784184438,25,The Stage Long Dreamed Of,/mnt/GAME_DISK/Anime/Uma Musume Pretty Derby/Season 3/[Sav1or] Uma Musume Pretty Derby - S03E01 - The Stage Long Dreamed Of [BD][1080p][AV1][OPUS].mkv,190
1784189943,22,Lucky Star - Episode 1,/mnt/GAME_DISK/Animes/[Moe] Lucky☆Star [BD][1080p FLAC]/[Moe] Lucky☆Star - 01 [BD][1080p FLAC].mkv,139
1784234300,,,/home/niconico/.local/share/Anki2/User 1/collection.media/lucky☆star01_05m24s095ms_05m33s478ms.mp3,113
1784234492,,,/home/niconico/.local/share/Anki2/User 1/collection.media/lucky☆star01_06m42s799ms_06m49s263ms.mp3,113
1784234507,,,/home/niconico/.local/share/Anki2/User 1/collection.media/lucky☆star01_06m42s698ms_06m49s263ms.mp3,113
1784240893,,,/home/niconico/.local/share/Anki2/User 1/collection.media/lucky☆star01_07m35s225ms_07m40s188ms.mp3,113
1784240903,,,/home/niconico/.local/share/Anki2/User 1/collection.media/lucky☆star01_07m35s225ms_07m43s108ms.mp3,113
1784241135,,,/home/niconico/.local/share/Anki2/User 1/collection.media/lucky☆star01_09m12s072ms_09m19s579ms.mp3,113
1784241405,,,/home/niconico/.local/share/Anki2/User 1/collection.media/lucky☆star01_13m04s888ms_13m13s897ms.mp3,113
1784242047,,,/mnt/GAME_DISK/Animes/Non Non Biyori/Non Non Biyori/[DB]Non Non Biyori_-_01_(10bit_BD1080p_x265).mkv,113
1784242061,,,/mnt/GAME_DISK/Animes/Non Non Biyori/Non Non Biyori/[DB]Non Non Biyori_-_01_(10bit_BD1080p_x265).mkv,113
1784259156,,,/mnt/GAME_DISK/Animes/Non Non Biyori/Non Non Biyori/[DB]Non Non Biyori_-_02_(10bit_BD1080p_x265).mkv,113
1784260446,,,/mnt/GAME_DISK/Animes/Non Non Biyori/Non Non Biyori/[DB]Non Non Biyori_-_03_(10bit_BD1080p_x265).mkv,113
1784260558,,,/home/niconico/.local/share/Anki2/User 1/collection.media/nonnonbiyori03_01m16s216ms_01m19s010ms.mp3,113
1784261526,,,/home/niconico/.local/share/Anki2/User 1/collection.media/nonnonbiyori03_16m42s641ms_16m50s483ms.mp3,113
1784261908,,,/home/niconico/.local/share/Anki2/User 1/collection.media/nonnonbiyori03_21m44s443ms_21m53s827ms.mp3,113
1784263554,,,/mnt/GAME_DISK/Animes/Non Non Biyori/Non Non Biyori/[DB]Non Non Biyori_-_04_(10bit_BD1080p_x265).mkv,113
1784263629,,,/home/niconico/.local/share/Anki2/User 1/collection.media/nonnonbiyori04_00m36s884ms_00m41s639ms.mp3,113
1784264829,,,/home/niconico/.local/share/Anki2/User 1/collection.media/nonnonbiyori04_20m49s179ms_20m56s728ms.mp3,113
1784264938,,,/mnt/GAME_DISK/Animes/Non Non Biyori/Non Non Biyori/[DB]Non Non Biyori_-_05_(10bit_BD1080p_x265).mkv,113
1784276064,,,/mnt/GAME_DISK/Animes/Non Non Biyori/Non Non Biyori/[DB]Non Non Biyori_-_06_(10bit_BD1080p_x265).mkv,113
1784277351,,,/mnt/GAME_DISK/Animes/Non Non Biyori/Non Non Biyori/[DB]Non Non Biyori_-_07_(10bit_BD1080p_x265).mkv,113
1784277537,,,/mnt/GAME_DISK/Animes/Non Non Biyori/Non Non Biyori/[DB]Non Non Biyori_-_07_(10bit_BD1080p_x265).mkv,113
1784277606,,,/mnt/GAME_DISK/Animes/Non Non Biyori/Non Non Biyori/[DB]Non Non Biyori_-_07_(10bit_BD1080p_x265).mkv,113
1784277621,,,/mnt/GAME_DISK/Animes/Non Non Biyori/Non Non Biyori/[DB]Non Non Biyori_-_07_(10bit_BD1080p_x265).mkv,113
1784277653,,,/mnt/GAME_DISK/Animes/Non Non Biyori/Non Non Biyori/[DB]Non Non Biyori_-_07_(10bit_BD1080p_x265).mkv,113
1784277792,,,/home/niconico/.local/share/Anki2/User 1/collection.media/nonnonbiyori07_04m26s599ms_04m32s897ms.mp3,113
1784279438,,,/mnt/GAME_DISK/Animes/Non Non Biyori/Non Non Biyori/[DB]Non Non Biyori_-_08_(10bit_BD1080p_x265).mkv,113
1784315415,,,/mnt/GAME_DISK/Animes/Non Non Biyori/Non Non Biyori/[DB]Non Non Biyori_-_09_(10bit_BD1080p_x265).mkv,113
1784315468,,,/home/niconico/.local/share/Anki2/User 1/collection.media/nonnonbiyori09_00m27s790ms_00m34s088ms.mp3,113
1784316258,,,/home/niconico/.local/share/Anki2/User 1/collection.media/nonnonbiyori09_04m38s457ms_04m42s169ms.mp3,113
1784316678,,,/home/niconico/.local/share/Anki2/User 1/collection.media/nonnonbiyori09_09m27s996ms_09m36s338ms.mp3,113
1784342971,,,/home/niconico/.local/share/Anki2/User 1/collection.media/nonnonbiyori09_14m46s147ms_14m51s736ms.mp3,113
1784344374,,,/mnt/GAME_DISK/Animes/Non Non Biyori/Non Non Biyori/[DB]Non Non Biyori_-_10_(10bit_BD1080p_x265).mkv,113
1784345636,,,/mnt/GAME_DISK/Animes/Non Non Biyori/Non Non Biyori/[DB]Non Non Biyori_-_11_(10bit_BD1080p_x265).mkv,113
1784346403,,,/home/niconico/.local/share/Anki2/User 1/collection.media/nonnonbiyori11_11m43s928ms_11m54s104ms.mp3,113
1784347103,,,/mnt/GAME_DISK/Animes/Non Non Biyori/Non Non Biyori/[DB]Non Non Biyori_-_12_(10bit_BD1080p_x265).mkv,113
1784351802,,,/mnt/GAME_DISK/Animes/[VCB-Studio] Gochiusa/Season 1/[FFF] Gochuumon wa Usagi Desu ka - 05 [BD][1080p-FLAC][119FD3CD].mkv,134
1784351886,,,/home/niconico/.local/share/Anki2/User 1/collection.media/gochuumonwausagidesuka05_19m18s046ms_19m22s596ms.mp3,123
1784351912,,,/home/niconico/.local/share/Anki2/User 1/collection.media/gochuumonwausagidesuka05_19m12s076ms_19m22s596ms.mp3,123
1784352602,,,/mnt/GAME_DISK/Animes/[VCB-Studio] Gochiusa/Season 3/[WBDP] S3 - 11 - The Cafe of Smiles and the Rainbow Magician [BD][1080p-FLAC] [53CAEBCD].mkv,158
1784352655,,,/home/niconico/.local/share/Anki2/User 1/collection.media/s311thecafeofsmilesandtherainbowmagician_16m31s290ms_16m34s580ms.mp3,139
1784352677,,,/home/niconico/.local/share/Anki2/User 1/collection.media/s311thecafeofsmilesandtherainbowmagician_16m26s310ms_16m34s580ms.mp3,139
1784360691,,,/mnt/GAME_DISK/Animes/Non Non Biyori/Non Non Biyori/[DB]Non Non Biyori_-_12_(10bit_BD1080p_x265).mkv,113
1784364123,,,/mnt/GAME_DISK/Animes/[VCB-Studio] Getsuyoubi no Tawawa 2 [Ma10p_1080p]/[VCB-Studio] Getsuyoubi no Tawawa 2 [01][Ma10p_1080p][x265_flac].mkv,153
1784364599,,,/mnt/GAME_DISK/Animes/[VCB-Studio] Getsuyoubi no Tawawa 2 [Ma10p_1080p]/[VCB-Studio] Getsuyoubi no Tawawa 2 [10][Ma10p_1080p][x265_flac].mkv,153
1784365869,,,/mnt/GAME_DISK/Animes/[VCB-Studio] Getsuyoubi no Tawawa [Ma10p_1080p]/[VCB-Studio] Getsuyoubi no Tawawa [01][Ma10p_1080p][x265_flac].mkv,149
1784366057,,,/mnt/GAME_DISK/Animes/[VCB-Studio] Getsuyoubi no Tawawa 2 [Ma10p_1080p]/[VCB-Studio] Getsuyoubi no Tawawa 2 [06][Ma10p_1080p][x265_flac].mkv,153
1784370802,,,/mnt/GAME_DISK/Animes/Non Non Biyori/Non Non Biyori/[DB]Non Non Biyori_-_12_(10bit_BD1080p_x265).mkv,113
1784370903,,,/mnt/GAME_DISK/Animes/Non Non Biyori/Non Non Biyori/[DB]Non Non Biyori_-_12_(10bit_BD1080p_x265).mkv,113
1784372757,,,/home/niconico/.local/share/Anki2/User 1/collection.media/nonnonbiyori12_00m53s109ms_00m58s614ms.mp3,113
1784372992,,,/home/niconico/.local/share/Anki2/User 1/collection.media/nonnonbiyori12_04m42s922ms_04m50s346ms.mp3,113
1784373071,,,/home/niconico/.local/share/Anki2/User 1/collection.media/nonnonbiyori12_05m25s881ms_05m31s720ms.mp3,113
1784374787,,,/home/niconico/.local/share/Anki2/User 1/collection.media/nonnonbiyori12_08m27s354ms_08m32s900ms.mp3,113
1784374879,,,/home/niconico/.local/share/Anki2/User 1/collection.media/nonnonbiyori12_08m27s354ms_08m32s900ms.mp3,113
1784375380,,,/home/niconico/.local/share/Anki2/User 1/collection.media/nonnonbiyori12_11m14s480ms_11m28s785ms.mp3,113
1784375422,,,/home/niconico/.local/share/Anki2/User 1/collection.media/nonnonbiyori12_11m14s480ms_11m26s408ms.mp3,113
1784375471,,,/home/niconico/.local/share/Anki2/User 1/collection.media/nonnonbiyori12_11m22s946ms_11m31s288ms.mp3,113
1784376259,,,/home/niconico/.local/share/Anki2/User 1/collection.media/nonnonbiyori12_12m10s911ms_12m16s750ms.mp3,113
1784376988,,,/home/niconico/.local/share/Anki2/User 1/collection.media/nonnonbiyori12_13m16s310ms_13m22s816ms.mp3,113
1784380997,,,/mnt/GAME_DISK/Animes/[VCB-Studio] K-ON!/[VCB-Studio] K-ON! [Ma10p_1080p]/[VCB-Studio] K-ON! [01][Ma10p_1080p][x265_flac_2aac].mkv,143
1784381024,,,/mnt/GAME_DISK/Animes/[VCB-Studio] K-ON!/[VCB-Studio] K-ON! [Ma10p_1080p]/[VCB-Studio] K-ON! [01][Ma10p_1080p][x265_flac_2aac].mkv,143
1784382517,63,【3DASMR】お姉ちゃんメイドの甘やかし指耳かき,https://www.youtube.com/watch?v=JQaLoQHmj7w,121
1784382941,135,ビデオ冒頭のインタビューみたいなコメントに大爆笑する壱百満天原サロメ【にじさんじ切り抜き】,https://www.youtube.com/watch?v=3w3omd-p8B0,194
1784383508,,,/mnt/GAME_DISK/Animes/[VCB-Studio] K-ON!/[VCB-Studio] K-ON! [Ma10p_1080p]/[VCB-Studio] K-ON! [01][Ma10p_1080p][x265_flac_2aac].mkv,143
1784384146,,,/home/niconico/.local/share/Anki2/User 1/collection.media/kon_08m38s980ms_08m43s520ms.mp3,102
1784384284,,,/home/niconico/.local/share/Anki2/User 1/collection.media/kon_08m39s018ms_08m43s523ms.mp3,102
1784384317,,,/home/niconico/.local/share/Anki2/User 1/collection.media/kon_08m39s018ms_08m43s520ms.mp3,102
1784384358,,,/home/niconico/.local/share/Anki2/User 1/collection.media/kon_08m38s980ms_08m43s520ms.mp3,102
1784384484,,,/home/niconico/.local/share/Anki2/User 1/collection.media/kon_10m10s990ms_10m15s750ms.mp3,102
1784384958,,,/home/niconico/.local/share/Anki2/User 1/collection.media/kon_16m56s700ms_17m04s520ms.mp3,102
1784385060,,,/home/niconico/.local/share/Anki2/User 1/collection.media/kon_17m23s500ms_17m29s410ms.mp3,102
1784385441,,,/mnt/GAME_DISK/Animes/[VCB-Studio] K-ON!/[VCB-Studio] K-ON! [Ma10p_1080p]/[VCB-Studio] K-ON! [02][Ma10p_1080p][x265_flac_2aac].mkv,143
1784385655,,,/home/niconico/.local/share/Anki2/User 1/collection.media/kon_03m40s090ms_03m48s650ms.mp3,102
1784385888,,,/home/niconico/.local/share/Anki2/User 1/collection.media/kon_06m26s760ms_06m32s349ms.mp3,102
1784385936,,,/home/niconico/.local/share/Anki2/User 1/collection.media/kon_06m17s370ms_06m33s520ms.mp3,102
1784386212,,,/home/niconico/.local/share/Anki2/User 1/collection.media/kon_10m15s030ms_10m22s160ms.mp3,102
1784396836,,,/mnt/GAME_DISK/Animes/[VCB-Studio] K-ON!/[VCB-Studio] K-ON! [Ma10p_1080p]/[VCB-Studio] K-ON! [03][Ma10p_1080p][x265_flac_2aac].mkv,143
1784397128,,,/home/niconico/.local/share/Anki2/User 1/collection.media/kon_05m43s100ms_05m51s410ms.mp3,102
1784429406,,,/mnt/GAME_DISK/Animes/[VCB-Studio] K-ON!/[VCB-Studio] K-ON!! [Ma10p_1080p]/[VCB-Studio] K-ON!! [01][Ma10p_1080p][x265_flac_2aac].mkv,145
1784429561,,,/mnt/GAME_DISK/Animes/[VCB-Studio] K-ON!/[VCB-Studio] K-ON! [Ma10p_1080p]/[VCB-Studio] K-ON! [05][Ma10p_1080p][x265_flac_2aac].mkv,143
1784429878,,,/home/niconico/.local/share/Anki2/User 1/collection.media/kon_06m00s260ms_06m10s300ms.mp3,102
1784430347,,,/home/niconico/.local/share/Anki2/User 1/collection.media/kon_11m31s050ms_11m39s020ms.mp3,102
1784443315,,,/mnt/GAME_DISK/Animes/Yuru Yuri/4. Yuru Yuri San Hai!/[Rom & Rem] Yuru Yuri San Hai! - 12 [H265][10bits][1080p][FLAC].mkv,134
1784443377,,,/home/niconico/.local/share/Anki2/User 1/collection.media/yuruyurisanhai12_19m26s798ms_19m35s674ms.mp3,115
1784444109,71,Is the Order a Rabbit?? - 02 - A Cinder-Colored Rabbit and a Cinderella,/mnt/GAME_DISK/Animes/[VCB-Studio] Gochiusa/Season 2/[FFF] Gochuumon wa Usagi Desu ka S2 - 02 [BD][1080p-FLAC][79200A0C].mkv,210
1784444171,,,/home/niconico/.local/share/Anki2/User 1/collection.media/gochuumonwausagidesukas202_00m04s945ms_00m11s494ms.mp3,125
1784444327,,,/mnt/GAME_DISK/Animes/[VCB-Studio] K-ON!/[VCB-Studio] K-ON! [Ma10p_1080p]/[VCB-Studio] K-ON! [09][Ma10p_1080p][x265_flac_3aac].mkv,143
1784444384,,,/home/niconico/.local/share/Anki2/User 1/collection.media/kon_08m54s620ms_09m02s270ms.mp3,102
1784446418,,,/mnt/GAME_DISK/Animes/[VCB-Studio] K-ON!/[VCB-Studio] K-ON! [Ma10p_1080p]/[VCB-Studio] K-ON! [06][Ma10p_1080p][x265_flac_2aac].mkv,143
1784446637,,,/mnt/GAME_DISK/Animes/[VCB-Studio] K-ON!/[VCB-Studio] K-ON! [Ma10p_1080p]/[VCB-Studio] K-ON! [06][Ma10p_1080p][x265_flac_2aac].mkv,143
1784448021,,,/mnt/GAME_DISK/Animes/[VCB-Studio] K-ON!/[VCB-Studio] K-ON! [Ma10p_1080p]/[VCB-Studio] K-ON! [07][Ma10p_1080p][x265_flac_2aac].mkv,143
1784449282,,,/home/niconico/.local/share/Anki2/User 1/collection.media/kon_09m32s520ms_09m39s820ms.mp3,102
1784449491,,,/home/niconico/.local/share/Anki2/User 1/collection.media/kon_12m24s150ms_12m37s430ms.mp3,102
1784457916,36,Bocchi the Rock! - S01E01 - YURASUKA,/mnt/GAME_DISK/Animes/Bocchi.the.Rock.S01.1080p.BluRay.10-Bit.FLAC2.0.x265-YURASUKA/Bocchi.the.Rock.S01E01.1080p.BluRay.10-Bit.FLAC2.0.x265-YURASUKA.mkv,203
1784458019,22,Lucky Star - Episode 2,/mnt/GAME_DISK/Animes/[Moe] Lucky☆Star [BD][1080p FLAC]/[Moe] Lucky☆Star - 02 [BD][1080p FLAC].mkv,139
1784458340,,,/home/niconico/.local/share/Anki2/User 1/collection.media/lucky☆star02_05m20s744ms_05m33s715ms.mp3,113
1784458702,,,/home/niconico/.local/share/Anki2/User 1/collection.media/lucky☆star02_09m31s244ms_09m41s838ms.mp3,113
1784487820,,,/home/niconico/.local/share/Anki2/User 1/collection.media/lucky☆star02_11m56s515ms_12m06s816ms.mp3,113
1784487972,,,/home/niconico/.local/share/Anki2/User 1/collection.media/lucky☆star02_12m33s718ms_12m45s397ms.mp3,113
1784488071,,,/home/niconico/.local/share/Anki2/User 1/collection.media/lucky☆star02_12m48s400ms_13m00s495ms.mp3,113
1784515694,22,Lucky Star - Episode 3,/mnt/GAME_DISK/Animes/[Moe] Lucky☆Star [BD][1080p FLAC]/[Moe] Lucky☆Star - 03 [BD][1080p FLAC].mkv,139
1784516087,,,/home/niconico/.local/share/Anki2/User 1/collection.media/lucky☆star03_03m54s065ms_04m00s488ms.mp3,113
1784516209,,,/home/niconico/.local/share/Anki2/User 1/collection.media/lucky☆star03_03m40s593ms_03m53s940ms.mp3,113
1784529070,22,Lucky Star - Episode 2,/mnt/GAME_DISK/Animes/[Moe] Lucky☆Star [BD][1080p FLAC]/[Moe] Lucky☆Star - 02 [BD][1080p FLAC].mkv,139
1784533644,,,/home/niconico/.local/share/Anki2/User 1/collection.media/lucky☆star03_04m31s811ms_04m41s946ms.mp3,113
1784533691,,,/home/niconico/.local/share/Anki2/User 1/collection.media/lucky☆star03_04m31s811ms_04m43s365ms.mp3,113
1784534089,,,/mnt/GAME_DISK/Animes/[VCB-Studio] Gochiusa/Season 1/[FFF] Gochuumon wa Usagi Desu ka - 11 [BD][1080p-FLAC][583CE6B4].mkv,134
1784534210,,,/home/niconico/.local/share/Anki2/User 1/collection.media/gochuumonwausagidesuka11_10m26s430ms_10m34s989ms.mp3,123
1784544212,,,/home/niconico/.local/share/Anki2/User 1/collection.media/lucky☆star03_16m25s149ms_16m37s703ms.mp3,113
1784544247,,,/home/niconico/.local/share/Anki2/User 1/collection.media/lucky☆star03_16m25s149ms_16m39s663ms.mp3,113
1784555594,,,/home/niconico/.local/share/Anki2/User 1/collection.media/lucky☆star03_17m02s353ms_17m13s196ms.mp3,113
1784558239,22,Lucky Star - Episode 4,/mnt/GAME_DISK/Animes/[Moe] Lucky☆Star [BD][1080p FLAC]/[Moe] Lucky☆Star - 04 [BD][1080p FLAC].mkv,139
1784558388,22,Lucky Star - Episode 1,/mnt/GAME_DISK/Animes/[Moe] Lucky☆Star [BD][1080p FLAC]/[Moe] Lucky☆Star - 01 [BD][1080p FLAC].mkv,139
1784559176,,,/home/niconico/.local/share/Anki2/User 1/collection.media/lucky☆star04_01m57s349ms_02m08s151ms.mp3,113
1784559192,,,/home/niconico/.local/share/Anki2/User 1/collection.media/lucky☆star04_01m57s349ms_02m09s735ms.mp3,113
1784559329,,,/home/niconico/.local/share/Anki2/User 1/collection.media/lucky☆star04_01m57s349ms_02m09s735ms.mp3,113
1784559533,22,Lucky Star - Episode 4,/mnt/GAME_DISK/Animes/[Moe] Lucky☆Star [BD][1080p FLAC]/[Moe] Lucky☆Star - 04 [BD][1080p FLAC].mkv,139
1784559673,22,Lucky Star - Episode 4,/mnt/GAME_DISK/Animes/[Moe] Lucky☆Star [BD][1080p FLAC]/[Moe] Lucky☆Star - 04 [BD][1080p FLAC].mkv,139
1784559717,22,Lucky Star - Episode 4,/mnt/GAME_DISK/Animes/[Moe] Lucky☆Star [BD][1080p FLAC]/[Moe] Lucky☆Star - 04 [BD][1080p FLAC].mkv,139
1784559788,22,Lucky Star - Episode 4,/mnt/GAME_DISK/Animes/[Moe] Lucky☆Star [BD][1080p FLAC]/[Moe] Lucky☆Star - 04 [BD][1080p FLAC].mkv,139
1784559887,22,Lucky Star - Episode 4,/mnt/GAME_DISK/Animes/[Moe] Lucky☆Star [BD][1080p FLAC]/[Moe] Lucky☆Star - 04 [BD][1080p FLAC].mkv,139
1784559983,22,Lucky Star - Episode 4,/mnt/GAME_DISK/Animes/[Moe] Lucky☆Star [BD][1080p FLAC]/[Moe] Lucky☆Star - 04 [BD][1080p FLAC].mkv,139
1784560774,,,/home/niconico/.local/share/Anki2/User 1/collection.media/lucky☆star04_09m18s498ms_09m25s630ms.mp3,113
1784560786,,,/home/niconico/.local/share/Anki2/User 1/collection.media/lucky☆star04_09m15s829ms_09m25s630ms.mp3,113
1784560974,,,/home/niconico/.local/share/Anki2/User 1/collection.media/lucky☆star04_09m42s022ms_09m53s241ms.mp3,113
1784561101,,,/home/niconico/.local/share/Anki2/User 1/collection.media/lucky☆star04_09m49s070ms_10m00s248ms.mp3,113
1784561581,,,/home/niconico/.local/share/Anki2/User 1/collection.media/lucky☆star04_10m18s475ms_10m32s697ms.mp3,113
1784561727,,,/home/niconico/.local/share/Anki2/User 1/collection.media/lucky☆star04_10m36s785ms_10m53s635ms.mp3,113
1784564710,,,/home/niconico/.local/share/Anki2/User 1/collection.media/lucky☆star04_11m05s605ms_11m18s284ms.mp3,113
1784564732,,,/home/niconico/.local/share/Anki2/User 1/collection.media/lucky☆star04_11m05s605ms_11m19s994ms.mp3,113
1784565107,,,/home/niconico/.local/share/Anki2/User 1/collection.media/lucky☆star04_11m33s383ms_11m45s061ms.mp3,113
1784565551,,,/home/niconico/.local/share/Anki2/User 1/collection.media/lucky☆star04_14m22s218ms_14m39s527ms.mp3,113
1784565951,,,/home/niconico/.local/share/Anki2/User 1/collection.media/lucky☆star04_14m49s871ms_15m04s093ms.mp3,113
1784565968,,,/home/niconico/.local/share/Anki2/User 1/collection.media/lucky☆star04_14m47s201ms_15m04s093ms.mp3,113
1784566190,,,/home/niconico/.local/share/Anki2/User 1/collection.media/lucky☆star04_16m56s706ms_17m22s482ms.mp3,113
1784566383,,,/home/niconico/.local/share/Anki2/User 1/collection.media/lucky☆star04_18m05s650ms_18m16s786ms.mp3,113
1784570249,22,Lucky Star - Episode 5,/mnt/GAME_DISK/Animes/[Moe] Lucky☆Star [BD][1080p FLAC]/[Moe] Lucky☆Star - 05 [BD][1080p FLAC].mkv,139
1784570354,,,/home/niconico/.local/share/Anki2/User 1/collection.media/lucky☆star05_01m30s594ms_01m39s519ms.mp3,113
1784570836,,,/home/niconico/.local/share/Anki2/User 1/collection.media/lucky☆star05_07m02s842ms_07m17s065ms.mp3,113
1784607457,71,Is the Order a Rabbit?? - 02 - A Cinder-Colored Rabbit and a Cinderella,/mnt/GAME_DISK/Animes/[VCB-Studio] Gochiusa/Season 2/[FFF] Gochuumon wa Usagi Desu ka S2 - 02 [BD][1080p-FLAC][79200A0C].mkv,210
1784607472,99,Is the Order a Rabbit?? - 01 - Incessant Smiles and Flashes. That's My Self-Proclaimed Older Sister,/mnt/GAME_DISK/Animes/[VCB-Studio] Gochiusa/Season 2/[FFF] Gochuumon wa Usagi Desu ka S2 - 01 [BD][1080p-FLAC][52E76D1E].mkv,238
1784607491,71,Is the Order a Rabbit?? - 03 - The Spinning Dance Legend Duckling Squad,/mnt/GAME_DISK/Animes/[VCB-Studio] Gochiusa/Season 2/[FFF] Gochuumon wa Usagi Desu ka S2 - 03 [BD][1080p-FLAC][07AF69BC].mkv,210
1784607529,72,Is the Order a Rabbit?? - 04 - Cocoa-senpai's Elegant Tea Party Tutorial,/mnt/GAME_DISK/Animes/[VCB-Studio] Gochiusa/Season 2/[FFF] Gochuumon wa Usagi Desu ka S2 - 04 [BD][1080p-FLAC][D34F1329].mkv,211
1784607529,72,Is the Order a Rabbit?? - 04 - Cocoa-senpai's Elegant Tea Party Tutorial,/mnt/GAME_DISK/Animes/[VCB-Studio] Gochiusa/Season 2/[FFF] Gochuumon wa Usagi Desu ka S2 - 04 [BD][1080p-FLAC][D34F1329].mkv,211
1784607552,83,Is the Order a Rabbit?? - 05 - With a Bite, I Could Discern It was Commonly Springy,/mnt/GAME_DISK/Animes/[VCB-Studio] Gochiusa/Season 2/[FFF] Gochuumon wa Usagi Desu ka S2 - 05 [BD][1080p-FLAC][275F55C0].mkv,222
1784607574,,,/mnt/GAME_DISK/Animes/[VCB-Studio] Gochiusa/Season 1/[FFF] Gochuumon wa Usagi Desu ka - 08 [BD][1080p-FLAC][3E1AD3B0].mkv,134
1784607623,,,/mnt/GAME_DISK/Animes/[VCB-Studio] Gochiusa/Season 3/[WBDP] S3 - 05 - She is a Fierce Whirlwind, She is a Carefree Breeze [BD][1080p-FLAC] [2AA624DA].mkv,166
1784607648,83,Is the Order a Rabbit?? - 05 - With a Bite, I Could Discern It was Commonly Springy,/mnt/GAME_DISK/Animes/[VCB-Studio] Gochiusa/Season 2/[FFF] Gochuumon wa Usagi Desu ka S2 - 05 [BD][1080p-FLAC][275F55C0].mkv,222
1784607660,,,/mnt/GAME_DISK/Animes/[VCB-Studio] Gochiusa/Season 2/[FFF] Gochuumon wa Usagi Desu ka S2 - 08 [BD][1080p-FLAC][9A04B2CB].mkv,137
1784607851,,,/home/niconico/.local/share/Anki2/User 1/collection.media/gochuumonwausagidesukas208_08m13s368ms_08m21s167ms.mp3,125
1784607878,,,/home/niconico/.local/share/Anki2/User 1/collection.media/gochuumonwausagidesukas208_08m13s368ms_08m22s127ms.mp3,125
1784608069,,,/home/niconico/.local/share/Anki2/User 1/collection.media/gochuumonwausagidesukas208_02m48s168ms_03m00s347ms.mp3,125
1784608304,,,/mnt/GAME_DISK/Animes/[VCB-Studio] K-ON!/[VCB-Studio] K-ON! [Ma10p_1080p]/[VCB-Studio] K-ON! [01][Ma10p_1080p][x265_flac_2aac].mkv,143
1784608493,,,/home/niconico/.local/share/Anki2/User 1/collection.media/kon_16m50s450ms_17m04s520ms.mp3,102
1784609023,,,/home/niconico/.local/share/Anki2/User 1/collection.media/lucky☆star05_11m54s926ms_12m03s684ms.mp3,113
1784609036,,,/home/niconico/.local/share/Anki2/User 1/collection.media/lucky☆star05_11m54s926ms_12m05s645ms.mp3,113
1784617572,,,/home/niconico/.local/share/Anki2/User 1/collection.media/lucky☆star05_15m01s904ms_15m10s121ms.mp3,113
1784618060,22,Lucky Star - Episode 6,/mnt/GAME_DISK/Animes/[Moe] Lucky☆Star [BD][1080p FLAC]/[Moe] Lucky☆Star - 06 [BD][1080p FLAC].mkv,139
1784618111,,,/home/niconico/.local/share/Anki2/User 1/collection.media/lucky☆star06_01m35s140ms_01m42s898ms.mp3,113
1784618408,,,/home/niconico/.local/share/Anki2/User 1/collection.media/lucky☆star06_02m20s644ms_02m30s779ms.mp3,113
1784618431,,,/home/niconico/.local/share/Anki2/User 1/collection.media/lucky☆star06_02m20s644ms_02m34s282ms.mp3,113
1784618742,,,/home/niconico/.local/share/Anki2/User 1/collection.media/lucky☆star06_05m18s989ms_05m35s505ms.mp3,113
1784618860,,,/home/niconico/.local/share/Anki2/User 1/collection.media/lucky☆star06_05m49s561ms_06m01s197ms.mp3,113
1784619061,,,/home/niconico/.local/share/Anki2/User 1/collection.media/lucky☆star06_06m29s309ms_06m40s695ms.mp3,113
1784619155,,,/home/niconico/.local/share/Anki2/User 1/collection.media/lucky☆star06_06m28s099ms_06m33s229ms.mp3,113
1784619205,,,/home/niconico/.local/share/Anki2/User 1/collection.media/lucky☆star06_06m28s308ms_06m33s229ms.mp3,113
1784619334,,,/home/niconico/.local/share/Anki2/User 1/collection.media/lucky☆star06_06m54s751ms_07m05s804ms.mp3,113
1784619686,,,/home/niconico/.local/share/Anki2/User 1/collection.media/lucky☆star06_09m50s552ms_10m01s229ms.mp3,113
1784620145,,,/home/niconico/.local/share/Anki2/User 1/collection.media/lucky☆star06_11m29s025ms_11m38s284ms.mp3,113
1784620644,,,/home/niconico/.local/share/Anki2/User 1/collection.media/lucky☆star06_18m24s106ms_18m42s958ms.mp3,113
1784621466,,,/home/niconico/.local/share/Anki2/User 1/collection.media/lucky☆star06_20m42s244ms_20m54s924ms.mp3,113
1784621590,22,Lucky Star - Episode 7,/mnt/GAME_DISK/Animes/[Moe] Lucky☆Star [BD][1080p FLAC]/[Moe] Lucky☆Star - 07 [BD][1080p FLAC].mkv,139
1784622372,,,/home/niconico/.local/share/Anki2/User 1/collection.media/lucky☆star07_02m10s381ms_02m26s397ms.mp3,113
1784623018,,,/home/niconico/.local/share/Anki2/User 1/collection.media/lucky☆star07_07m04s967ms_07m19s648ms.mp3,113
1784623045,,,/home/niconico/.local/share/Anki2/User 1/collection.media/lucky☆star07_07m04s967ms_07m17s271ms.mp3,113
1784623320,,,/home/niconico/.local/share/Anki2/User 1/collection.media/lucky☆star07_09m40s372ms_09m54s928ms.mp3,113
1784623628,,,/home/niconico/.local/share/Anki2/User 1/collection.media/lucky☆star07_11m40s367ms_11m56s299ms.mp3,113
1784623777,,,/home/niconico/.local/share/Anki2/User 1/collection.media/lucky☆star07_12m02s639ms_12m14s067ms.mp3,113
1784624608,,,/home/niconico/.local/share/Anki2/User 1/collection.media/lucky☆star07_18m50s255ms_18m59s806ms.mp3,113
1784624720,,,/home/niconico/.local/share/Anki2/User 1/collection.media/lucky☆star07_19m27s625ms_19m35s758ms.mp3,113
1784624864,,,/home/niconico/.local/share/Anki2/User 1/collection.media/lucky☆star07_19m30s170ms_19m47s312ms.mp3,113
1784625592,22,Lucky Star - Episode 8,/mnt/GAME_DISK/Animes/[Moe] Lucky☆Star [BD][1080p FLAC]/[Moe] Lucky☆Star - 08 [BD][1080p FLAC].mkv,139
1784625901,,,/home/niconico/.local/share/Anki2/User 1/collection.media/lucky☆star08_03m31s398ms_03m45s704ms.mp3,113
1784629900,22,Lucky Star - Episode 8,/mnt/GAME_DISK/Animes/[Moe] Lucky☆Star [BD][1080p FLAC]/[Moe] Lucky☆Star - 08 [BD][1080p FLAC].mkv,139
1784631587,,,/home/niconico/.local/share/Anki2/User 1/collection.media/lucky☆star08_06m14s561ms_06m23s737ms.mp3,113
1784678627,,,/home/niconico/.local/share/Anki2/User 1/collection.media/lucky☆star08_13m41s341ms_13m51s560ms.mp3,113
1784679055,,,/home/niconico/.local/share/Anki2/User 1/collection.media/lucky☆star08_16m45s608ms_17m05s377ms.mp3,113
1784679461,,,/home/niconico/.local/share/Anki2/User 1/collection.media/lucky☆star08_17m24s606ms_17m39s829ms.mp3,113
1784679918,22,Lucky Star - Episode 9,/mnt/GAME_DISK/Animes/[Moe] Lucky☆Star [BD][1080p FLAC]/[Moe] Lucky☆Star - 09 [BD][1080p FLAC].mkv,139
1784679996,,,/home/niconico/.local/share/Anki2/User 1/collection.media/lucky☆star09_01m32s695ms_01m42s663ms.mp3,113
1784680200,,,/home/niconico/.local/share/Anki2/User 1/collection.media/lucky☆star09_02m19s742ms_02m33s381ms.mp3,113
1784680409,,,/home/niconico/.local/share/Anki2/User 1/collection.media/lucky☆star09_03m42s158ms_04m01s344ms.mp3,113
1784680703,,,/home/niconico/.local/share/Anki2/User 1/collection.media/lucky☆star09_05m49s035ms_05m58s377ms.mp3,113
1784680783,,,/home/niconico/.local/share/Anki2/User 1/collection.media/lucky☆star09_06m13s059ms_06m31s202ms.mp3,113
1784680866,,,/home/niconico/.local/share/Anki2/User 1/collection.media/lucky☆star09_06m36s832ms_06m53s224ms.mp3,113
1784680925,,,/home/niconico/.local/share/Anki2/User 1/collection.media/lucky☆star09_06m10s181ms_06m31s202ms.mp3,113
1784681013,,,/home/niconico/.local/share/Anki2/User 1/collection.media/lucky☆star09_06m10s181ms_06m31s202ms.mp3,113
1784681093,,,/home/niconico/.local/share/Anki2/User 1/collection.media/lucky☆star09_06m36s832ms_06m53s224ms.mp3,113
1784688427,,,/home/niconico/.local/share/Anki2/User 1/collection.media/lucky☆star09_16m12s532ms_16m24s836ms.mp3,113
1784700771,23,Lucky Star - Episode 10,/mnt/GAME_DISK/Animes/[Moe] Lucky☆Star [BD][1080p FLAC]/[Moe] Lucky☆Star - 10 [BD][1080p FLAC].mkv,140
1784701253,15,Ruri Rocks - 04,/mnt/GAME_DISK/Animes/[Trix] Ruri Rocks S01 (WEB 1080p AV1 Opus) [Multi Subs]/[Trix] Ruri Rocks - 04 v2 (WEB 1080p AV1 Opus) [Multi Subs] [DEF58956].mkv,182
1784701521,,,/home/niconico/.local/share/Anki2/User 1/collection.media/rurirocks04v2_07m12s340ms_07m32s443ms.mp3,112
1784701766,71,Is the Order a Rabbit?? - 02 - A Cinder-Colored Rabbit and a Cinderella,/mnt/GAME_DISK/Animes/[VCB-Studio] Gochiusa/Season 2/[FFF] Gochuumon wa Usagi Desu ka S2 - 02 [BD][1080p-FLAC][79200A0C].mkv,210
1784701780,99,Is the Order a Rabbit?? - 01 - Incessant Smiles and Flashes. That's My Self-Proclaimed Older Sister,/mnt/GAME_DISK/Animes/[VCB-Studio] Gochiusa/Season 2/[FFF] Gochuumon wa Usagi Desu ka S2 - 01 [BD][1080p-FLAC][52E76D1E].mkv,238
1784701835,,,/home/niconico/.local/share/Anki2/User 1/collection.media/gochuumonwausagidesukas201_04m16s742ms_04m44s395ms.mp3,125
1784702038,15,Ruri Rocks - 01,/mnt/GAME_DISK/Animes/[Trix] Ruri Rocks S01 (WEB 1080p AV1 Opus) [Multi Subs]/[Trix] Ruri Rocks - 01 v2 (WEB 1080p AV1 Opus) [Multi Subs] [8DAE2E15].mkv,182
1784702104,,,/home/niconico/.local/share/Anki2/User 1/collection.media/rurirocks01v2_15m17s866ms_15m34s800ms.mp3,112
1784702152,,,/home/niconico/.local/share/Anki2/User 1/collection.media/rurirocks01v2_15m03s393ms_15m34s800ms.mp3,112
1784702372,,,/mnt/GAME_DISK/Animes/[VCB-Studio] K-ON!/[VCB-Studio] K-ON!! [Ma10p_1080p]/[VCB-Studio] K-ON!! [10][Ma10p_1080p][x265_flac_2aac].mkv,145
1784702467,,,/home/niconico/.local/share/Anki2/User 1/collection.media/kon_02m11s990ms_02m24s640ms.mp3,102
1784702549,,,/home/niconico/.local/share/Anki2/User 1/collection.media/kon_02m15s260ms_02m32s280ms.mp3,102
1784702623,,,/home/niconico/.local/share/Anki2/User 1/collection.media/kon_02m14s380ms_02m32s280ms.mp3,102
1784702742,,,/mnt/GAME_DISK/Animes/[VCB-Studio] K-ON!/[VCB-Studio] K-ON!! [Ma10p_1080p]/[VCB-Studio] K-ON!! [09][Ma10p_1080p][x265_flac_2aac].mkv,145
1784702782,,,/home/niconico/.local/share/Anki2/User 1/collection.media/kon_17m13s980ms_17m29s950ms.mp3,102
1784718239,43,[smol] YuruYuri - 1x11 - Our Amusement Club,/mnt/GAME_DISK/Animes/Yuru Yuri/[smol] YuruYuri (BD 1080p HEVC Opus)/[smol] YuruYuri - S01E11 (BD 1080p HEVC Opus) [732EE597].mkv,187
1784718273,87,[smol] YuruYuri - 1x10 - What in the World Have We Learned in Our School Trip, I Wonder,/mnt/GAME_DISK/Animes/Yuru Yuri/[smol] YuruYuri (BD 1080p HEVC Opus)/[smol] YuruYuri - S01E10 (BD 1080p HEVC Opus) [34EB03A0].mkv,231
1784718285,54,[smol] YuruYuri - 1x09 - I'm Not Scared of This Summer,/mnt/GAME_DISK/Animes/Yuru Yuri/[smol] YuruYuri (BD 1080p HEVC Opus)/[smol] YuruYuri - S01E09 (BD 1080p HEVC Opus) [D75618C4].mkv,198
1784718286,54,[smol] YuruYuri - 1x09 - I'm Not Scared of This Summer,/mnt/GAME_DISK/Animes/Yuru Yuri/[smol] YuruYuri (BD 1080p HEVC Opus)/[smol] YuruYuri - S01E09 (BD 1080p HEVC Opus) [D75618C4].mkv,198
1784718300,37,[smol] YuruYuri - 1x08 - April Fool's,/mnt/GAME_DISK/Animes/Yuru Yuri/[smol] YuruYuri (BD 1080p HEVC Opus)/[smol] YuruYuri - S01E08 (BD 1080p HEVC Opus) [C76F4903].mkv,181
1784718326,37,[smol] YuruYuri - 1x07 - Christmasery,/mnt/GAME_DISK/Animes/Yuru Yuri/[smol] YuruYuri (BD 1080p HEVC Opus)/[smol] YuruYuri - S01E07 (BD 1080p HEVC Opus) [8CCA394B].mkv,181
1784718351,53,[smol] YuruYuri - 1x06 - Artâ˜†Arterâ˜†Artist,/mnt/GAME_DISK/Animes/Yuru Yuri/[smol] YuruYuri (BD 1080p HEVC Opus)/[smol] YuruYuri - S01E06 (BD 1080p HEVC Opus) [92842120].mkv,197
1784718366,55,[smol] YuruYuri - 1x05 - When Akari and the Cicadas Cry,/mnt/GAME_DISK/Animes/Yuru Yuri/[smol] YuruYuri (BD 1080p HEVC Opus)/[smol] YuruYuri - S01E05 (BD 1080p HEVC Opus) [F44C42A4].mkv,199
1784718394,56,[smol] YuruYuri - 1x04 - Summer's Great Harvest Festival,/mnt/GAME_DISK/Animes/Yuru Yuri/[smol] YuruYuri (BD 1080p HEVC Opus)/[smol] YuruYuri - S01E04 (BD 1080p HEVC Opus) [1E0ADCC3].mkv,200
1784718395,56,[smol] YuruYuri - 1x04 - Summer's Great Harvest Festival,/mnt/GAME_DISK/Animes/Yuru Yuri/[smol] YuruYuri (BD 1080p HEVC Opus)/[smol] YuruYuri - S01E04 (BD 1080p HEVC Opus) [1E0ADCC3].mkv,200
1784718614,,,/home/niconico/.local/share/Anki2/User 1/collection.media/yuruyuris01e04_06m05s698ms_06m21s246ms.mp3,113
1784718777,,,/home/niconico/.local/share/Anki2/User 1/collection.media/yuruyuris01e04_14m33s839ms_14m43s648ms.mp3,113
1784718877,61,[smol] YuruYuri - 1x03 - Wanna Come Visit?... Yeah, Let`s Go!,/mnt/GAME_DISK/Animes/Yuru Yuri/[smol] YuruYuri (BD 1080p HEVC Opus)/[smol] YuruYuri - S01E03 (BD 1080p HEVC Opus) [0F05AB75].mkv,205
1784718888,59,[smol] YuruYuri - 1x02 - Me and You and the Student Council,/mnt/GAME_DISK/Animes/Yuru Yuri/[smol] YuruYuri (BD 1080p HEVC Opus)/[smol] YuruYuri - S01E02 (BD 1080p HEVC Opus) [A4CD2A02].mkv,203
1784718913,55,[smol] YuruYuri - 1x12 - Our Warm and Fuzzy Overnighter,/mnt/GAME_DISK/Animes/Yuru Yuri/[smol] YuruYuri (BD 1080p HEVC Opus)/[smol] YuruYuri - S01E12 (BD 1080p HEVC Opus) [B436847E].mkv,199
1784718948,87,[smol] YuruYuri - 1x10 - What in the World Have We Learned in Our School Trip, I Wonder,/mnt/GAME_DISK/Animes/Yuru Yuri/[smol] YuruYuri (BD 1080p HEVC Opus)/[smol] YuruYuri - S01E10 (BD 1080p HEVC Opus) [34EB03A0].mkv,231
1784718958,54,[smol] YuruYuri - 1x09 - I'm Not Scared of This Summer,/mnt/GAME_DISK/Animes/Yuru Yuri/[smol] YuruYuri (BD 1080p HEVC Opus)/[smol] YuruYuri - S01E09 (BD 1080p HEVC Opus) [D75618C4].mkv,198
1784718970,37,[smol] YuruYuri - 1x08 - April Fool's,/mnt/GAME_DISK/Animes/Yuru Yuri/[smol] YuruYuri (BD 1080p HEVC Opus)/[smol] YuruYuri - S01E08 (BD 1080p HEVC Opus) [C76F4903].mkv,181
1784718993,37,[smol] YuruYuri - 1x07 - Christmasery,/mnt/GAME_DISK/Animes/Yuru Yuri/[smol] YuruYuri (BD 1080p HEVC Opus)/[smol] YuruYuri - S01E07 (BD 1080p HEVC Opus) [8CCA394B].mkv,181
1784719021,53,[smol] YuruYuri - 1x06 - Artâ˜†Arterâ˜†Artist,/mnt/GAME_DISK/Animes/Yuru Yuri/[smol] YuruYuri (BD 1080p HEVC Opus)/[smol] YuruYuri - S01E06 (BD 1080p HEVC Opus) [92842120].mkv,197
1784719036,55,[smol] YuruYuri - 1x05 - When Akari and the Cicadas Cry,/mnt/GAME_DISK/Animes/Yuru Yuri/[smol] YuruYuri (BD 1080p HEVC Opus)/[smol] YuruYuri - S01E05 (BD 1080p HEVC Opus) [F44C42A4].mkv,199
1784719127,55,[smol] YuruYuri - 1x05 - When Akari and the Cicadas Cry,/mnt/GAME_DISK/Animes/Yuru Yuri/[smol] YuruYuri (BD 1080p HEVC Opus)/[smol] YuruYuri - S01E05 (BD 1080p HEVC Opus) [F44C42A4].mkv,199
1784719135,56,[smol] YuruYuri - 1x04 - Summer's Great Harvest Festival,/mnt/GAME_DISK/Animes/Yuru Yuri/[smol] YuruYuri (BD 1080p HEVC Opus)/[smol] YuruYuri - S01E04 (BD 1080p HEVC Opus) [1E0ADCC3].mkv,200
1784719188,22,Lucky Star - Episode 7,/mnt/GAME_DISK/Animes/[Moe] Lucky☆Star [BD][1080p FLAC]/[Moe] Lucky☆Star - 07 [BD][1080p FLAC].mkv,139
1784719251,,,/home/niconico/.local/share/Anki2/User 1/collection.media/lucky☆star07_07m09s179ms_07m19s648ms.mp3,113
1784719282,,,/home/niconico/.local/share/Anki2/User 1/collection.media/lucky☆star07_07m09s179ms_07m21s233ms.mp3,113
1784719318,22,Lucky Star - Episode 8,/mnt/GAME_DISK/Animes/[Moe] Lucky☆Star [BD][1080p FLAC]/[Moe] Lucky☆Star - 08 [BD][1080p FLAC].mkv,139
1784719529,,,/home/niconico/.local/share/Anki2/User 1/collection.media/lucky☆star08_13m41s341ms_13m51s560ms.mp3,113
1784719548,22,Lucky Star - Episode 7,/mnt/GAME_DISK/Animes/[Moe] Lucky☆Star [BD][1080p FLAC]/[Moe] Lucky☆Star - 07 [BD][1080p FLAC].mkv,139
1784719706,,,/home/niconico/.local/share/Anki2/User 1/collection.media/lucky☆star07_18m50s255ms_18m59s806ms.mp3,113
1784728734,22,Lucky Star - Episode 9,/mnt/GAME_DISK/Animes/[Moe] Lucky☆Star [BD][1080p FLAC]/[Moe] Lucky☆Star - 09 [BD][1080p FLAC].mkv,139
1784728744,22,Lucky Star - Episode 8,/mnt/GAME_DISK/Animes/[Moe] Lucky☆Star [BD][1080p FLAC]/[Moe] Lucky☆Star - 08 [BD][1080p FLAC].mkv,139
1784731495,22,Lucky Star - Episode 9,/mnt/GAME_DISK/Animes/[Moe] Lucky☆Star [BD][1080p FLAC]/[Moe] Lucky☆Star - 09 [BD][1080p FLAC].mkv,139
1784731544,23,Lucky Star - Episode 10,/mnt/GAME_DISK/Animes/[Moe] Lucky☆Star [BD][1080p FLAC]/[Moe] Lucky☆Star - 10 [BD][1080p FLAC].mkv,140
1784731877,,,/home/niconico/.local/share/Anki2/User 1/collection.media/lucky☆star10_04m30s999ms_04m40s467ms.mp3,113
1784732150,,,/home/niconico/.local/share/Anki2/User 1/collection.media/lucky☆star10_07m10s200ms_07m25s131ms.mp3,113
1784732317,,,/home/niconico/.local/share/Anki2/User 1/collection.media/lucky☆star10_04m30s999ms_04m40s467ms.mp3,113
1784733391,,,/home/niconico/.local/share/Anki2/User 1/collection.media/lucky☆star10_09m13s698ms_09m23s541ms.mp3,113
1784734669,23,Lucky Star - Episode 10,/mnt/GAME_DISK/Animes/[Moe] Lucky☆Star [BD][1080p FLAC]/[Moe] Lucky☆Star - 10 [BD][1080p FLAC].mkv,140
1784734671,23,Lucky Star - Episode 11,/mnt/GAME_DISK/Animes/[Moe] Lucky☆Star [BD][1080p FLAC]/[Moe] Lucky☆Star - 11 [BD][1080p FLAC].mkv,140
1784735649,23,Lucky Star - Episode 12,/mnt/GAME_DISK/Animes/[Moe] Lucky☆Star [BD][1080p FLAC]/[Moe] Lucky☆Star - 12 [BD][1080p FLAC].mkv,140
1784735690,23,Lucky Star - Episode 11,/mnt/GAME_DISK/Animes/[Moe] Lucky☆Star [BD][1080p FLAC]/[Moe] Lucky☆Star - 11 [BD][1080p FLAC].mkv,140
1784735702,23,Lucky Star - Episode 11,/mnt/GAME_DISK/Animes/[Moe] Lucky☆Star [BD][1080p FLAC]/[Moe] Lucky☆Star - 11 [BD][1080p FLAC].mkv,140
1784735990,,,/home/niconico/.local/share/Anki2/User 1/collection.media/lucky☆star11_04m52s041ms_05m08s766ms.mp3,113
1784736459,,,/home/niconico/.local/share/Anki2/User 1/collection.media/lucky☆star11_10m08s816ms_10m22s663ms.mp3,113
1784736724,22,Lucky Star - Episode 7,/mnt/GAME_DISK/Animes/[Moe] Lucky☆Star [BD][1080p FLAC]/[Moe] Lucky☆Star - 07 [BD][1080p FLAC].mkv,139
1784736822,,,/home/niconico/.local/share/Anki2/User 1/collection.media/lucky☆star07_06m00s319ms_06m17s961ms.mp3,113
1784780889,23,Lucky Star - Episode 12,/mnt/GAME_DISK/Animes/[Moe] Lucky☆Star [BD][1080p FLAC]/[Moe] Lucky☆Star - 12 [BD][1080p FLAC].mkv,140
1784788797,,,/home/niconico/.local/share/Anki2/User 1/collection.media/lucky☆star12_14m12s691ms_14m22s075ms.mp3,113
1784790097,,,/mnt/GAME_DISK/Animes/Non Non Biyori/Non Non Biyori Nonstop/[DB]Non Non Biyori Nonstop_-_01_(10bit_BD1080p_x265).mkv,129
1784790296,,,/mnt/GAME_DISK/Animes/Non Non Biyori/Non Non Biyori Repeat/[DB]Non Non Biyori Repeat_-_01_(10bit_BD1080p_x265).mkv,127
1784791451,,,/mnt/GAME_DISK/Animes/Non Non Biyori/Non Non Biyori Repeat/[DB]Non Non Biyori Repeat_-_02_(10bit_BD1080p_x265).mkv,127
1784815583,,,/mnt/GAME_DISK/Animes/[VCB-Studio] Gochiusa/Season 2/[FFF] Gochuumon wa Usagi Desu ka S2 - 08 [BD][1080p-FLAC][9A04B2CB].mkv,137
1784815691,,,/home/niconico/.local/share/Anki2/User 1/collection.media/gochuumonwausagidesukas208_02m33s540ms_02m43s508ms.mp3,125
1784816143,71,Is the Order a Rabbit?? - 03 - The Spinning Dance Legend Duckling Squad,/mnt/GAME_DISK/Animes/[VCB-Studio] Gochiusa/Season 2/[FFF] Gochuumon wa Usagi Desu ka S2 - 03 [BD][1080p-FLAC][07AF69BC].mkv,210
1784816228,,,/home/niconico/.local/share/Anki2/User 1/collection.media/gochuumonwausagidesukas203_11m02s695ms_11m16s083ms.mp3,125
1784818951,23,Lucky Star - Episode 12,/mnt/GAME_DISK/Animes/[Moe] Lucky☆Star [BD][1080p FLAC]/[Moe] Lucky☆Star - 12 [BD][1080p FLAC].mkv,140
1784822069,,,/home/niconico/.local/share/Anki2/User 1/collection.media/lucky☆star12_18m40s125ms_18m54s181ms.mp3,113
1784825467,23,Lucky Star - Episode 13,/mnt/GAME_DISK/Animes/[Moe] Lucky☆Star [BD][1080p FLAC]/[Moe] Lucky☆Star - 13 [BD][1080p FLAC].mkv,140
1784825822,,,/home/niconico/.local/share/Anki2/User 1/collection.media/lucky☆star13_04m39s826ms_04m47s583ms.mp3,113
1784825992,,,/home/niconico/.local/share/Anki2/User 1/collection.media/lucky☆star13_04m56s926ms_05m03s766ms.mp3,113
1784826373,,,/home/niconico/.local/share/Anki2/User 1/collection.media/lucky☆star13_07m07s306ms_07m18s693ms.mp3,113
1784826503,,,/home/niconico/.local/share/Anki2/User 1/collection.media/lucky☆star13_07m24s323ms_07m29s453ms.mp3,113
1784826534,,,/home/niconico/.local/share/Anki2/User 1/collection.media/lucky☆star13_07m18s818ms_07m29s453ms.mp3,113
1784826962,,,/home/niconico/.local/share/Anki2/User 1/collection.media/lucky☆star13_09m10s471ms_09m15s601ms.mp3,113
1784826980,,,/home/niconico/.local/share/Anki2/User 1/collection.media/lucky☆star13_09m10s471ms_09m18s145ms.mp3,113
1784827168,,,/home/niconico/.local/share/Anki2/User 1/collection.media/lucky☆star13_09m30s491ms_09m40s167ms.mp3,113
1784827182,,,/home/niconico/.local/share/Anki2/User 1/collection.media/lucky☆star13_09m32s993ms_09m43s546ms.mp3,113
1784827195,,,/home/niconico/.local/share/Anki2/User 1/collection.media/lucky☆star13_09m30s491ms_09m43s546ms.mp3,113
1784827241,,,/home/niconico/.local/share/Anki2/User 1/collection.media/lucky☆star13_09m34s911ms_09m43s545ms.mp3,113
1784827371,,,/home/niconico/.local/share/Anki2/User 1/collection.media/lucky☆star13_09m51s428ms_10m01s020ms.mp3,113
1784827617,,,/home/niconico/.local/share/Anki2/User 1/collection.media/lucky☆star13_11m35s240ms_11m46s251ms.mp3,113
1784827791,,,/home/niconico/.local/share/Anki2/User 1/collection.media/lucky☆star13_12m35s717ms_12m42s557ms.mp3,113
1784829589,23,Lucky Star - Episode 14,/mnt/GAME_DISK/Animes/[Moe] Lucky☆Star [BD][1080p FLAC]/[Moe] Lucky☆Star - 14 [BD][1080p FLAC].mkv,140
1784878932,,,/mnt/GAME_DISK/Animes/[Pasokon] Oomuro-ke! [BD 1080p FLAC]/[Pasokon] Oomuro-ke! - Dear Friends [BD 1080p FLAC] [06A20AC9].mkv,138
1784879134,,,/home/niconico/.local/share/Anki2/User 1/collection.media/oomurokedearfriends_01m41s400ms_01m50s242ms.mp3,118
1784880235,,,/home/niconico/.local/share/Anki2/User 1/collection.media/oomurokedearfriends_18m03s047ms_18m14s892ms.mp3,118
1784880254,,,/home/niconico/.local/share/Anki2/User 1/collection.media/oomurokedearfriends_18m03s047ms_18m14s892ms.mp3,118
1784880556,,,/home/niconico/.local/share/Anki2/User 1/collection.media/oomurokedearfriends_20m04s035ms_20m13s210ms.mp3,118
1784881168,,,/home/niconico/.local/share/Anki2/User 1/collection.media/oomurokedearfriends_20m22s553ms_20m30s394ms.mp3,118
1784883274,,,/home/niconico/.local/share/Anki2/User 1/collection.media/oomurokedearfriends_21m29s453ms_21m35s960ms.mp3,118
1784883599,,,/home/niconico/.local/share/Anki2/User 1/collection.media/oomurokedearfriends_25m05s069ms_25m15s746ms.mp3,118
1784884066,,,/home/niconico/.local/share/Anki2/User 1/collection.media/oomurokedearfriends_30m50s247ms_31m00s424ms.mp3,118
1784889331,,,/mnt/GAME_DISK/Animes/[Pasokon] Oomuro-ke! [BD 1080p FLAC]/[Pasokon] Oomuro-ke! - Dear Sisters [BD 1080p FLAC] [537A2802].mkv,138
1784890007,,,/home/niconico/.local/share/Anki2/User 1/collection.media/oomurokedearsisters_05m49s470ms_06m01s350ms.mp3,118
1784890040,,,/home/niconico/.local/share/Anki2/User 1/collection.media/oomurokedearsisters_05m49s270ms_06m01s150ms.mp3,118
1784890089,,,/home/niconico/.local/share/Anki2/User 1/collection.media/oomurokedearsisters_05m49s670ms_06m01s550ms.mp3,118
1784890415,,,/home/niconico/.local/share/Anki2/User 1/collection.media/oomurokedearsisters_09m24s940ms_09m35s760ms.mp3,118
1784890877,,,/home/niconico/.local/share/Anki2/User 1/collection.media/oomurokedearsisters_15m27s420ms_15m35s450ms.mp3,118
1784891512,,,/home/niconico/.local/share/Anki2/User 1/collection.media/oomurokedearsisters_24m26s080ms_24m37s040ms.mp3,118
1784891968,,,/home/niconico/.local/share/Anki2/User 1/collection.media/oomurokedearsisters_30m54s400ms_31m09s430ms.mp3,118
1784892235,,,/home/niconico/.local/share/Anki2/User 1/collection.media/oomurokedearsisters_32m44s510ms_33m01s470ms.mp3,118
